Reserved
Network Solutions, LLC
Registry Installation
Advanced Systems Consulting, Inc.
asf
Test Registrar
Register.com, Inc.
AT&T Corporation
Edge, Inc.
Bazillion, Inc.
Webcentral Group Limited dba Melbourne IT
ORANGE
COREhub, S.R.L.
AOL LLC
CADVision Development Corporation dba GetDomain.com
CommuniTech.Net, Inc.
eXtraActive, Inc.
FloridaNet, Inc. d/b/a ValueWeb
HKNet Company Limited
Identity Defense, Inc.
InfoBack Corporation
NameSecure L.L.C.
DSTR Acquisition PA I, LLC dba DomainBank.com
Prodigy Communications Corporation
RCN Corporation
REACTO.com Limited
eNom, LLC
GMO Internet, Inc. d/b/a Onamae.com
Telepartner A/S
Verio, Inc.
Deluxe Small Business Sales, Inc. d/b/a Aplus.net
A Technology Company, Inc.
Signature Domains, LLC
Inquent Technologies, Inc. f/k/a WebHosting.com, Inc.
Advanced Internet Technologies, Inc. (AIT)
AW Registry, Inc.
Tech Dogs, Inc.
Internet Domain Registrars d/b/a Registrars.com
Hosting.com, Inc.
WebTrends Corporation
eNom401, Incorporated
Domain Registration Services, Inc. dba dotEarth.com
DomainPeople, Inc.
Enameco, LLC
CASDNS Inc.
NordNet SA
Tucows Domains Inc.
Group NBT plc aka NetNames
Jiva Online Pty Ltd.
Dotster, Inc.
Ports Group AB
Online SAS
Tech Electro Industries, Inc.
Nominalia Internet S.L.
PSI-Japan, Inc.
Easyspace Limited
Virtualis Systems Inc.
Gandi SAS
OnlineNIC, Inc.
IONOS SE
UK-2 Limited
EPAG Domainservices GmbH
DomainSpot LLC
HANGANG Systems, Inc. dba Doregi.com
Namebay SAM
Computer Data Networks dba Shop4domain.com and Netonedomains.com
007Names, Inc.
GKG.NET, INC.
Parava Networks, Inc. dba 10-Domains.com
DomainZoo.com, Inc.
EnetRegistry.com Corporation
pair Networks, Inc. d/b/a pair Domains
Whois Corp.
#1 Domain Names International, Inc. dba 1dni.com
PacNames Ltd
MyDomain, Inc.
Ascio Technologies, Inc. Danmark - Filial af Ascio technologies, Inc. USA
MS Intergate, Inc.
Shaver Communications, Inc.
Secura GmbH
Webhero, Inc.
CSL Computer Service Langenbach GmbH d/b/a joker.com
Reserved for Internal Registry Use
Xin Net Technology Corporation
Dotregistrar, LLC
Free Yellow.Com, Inc.
The Registry at Info Avenue, LLC d/b/a Spirit Communications
NameEngine, Inc.
Talk.com, Inc.
I.D.R Internet Domain Registry LTD.
DomainRegistry.com Inc.
Eastern Communications Company Limited
Netpia.com, Inc.
Total Web Solutions Limited trading as TotalRegistrations
NETPLEX LLC
1stDomain LLC
BB-Online UK Limited
2Day Internet Limited dba 2day.com
Acens Technologies, S.L.U.
Cronon GmbH
Innerwise, Inc. d/b/a ItsYourDomain.com
Omnis Network, LLC
Alldomains, LLC
Siteleader, Inc.
GoDaddy.com, LLC
I.net
PSI-USA, Inc. dba Domain Robot
FullWeb, Inc. d/b/a FullNic
7Ways
DEXT Co., Ltd.
Register SPA
Namescout Ltd
Antelecom, Inc. f/k/a Hughes Electronic Commerce, Inc.
Deutsche Telekom AG
Moniker Online Services LLC
Centergate Research Group, LLC
Datasource Network Australia Limited
7DC, Inc.
PlanetDomain Pty Ltd
Ranger Registration (Madeira) LLC
iRegisterDomainsHere.Com Inc.
Gabia, Inc.
123 Registration, Inc.
nondotcom, inc.
Active 24 AS
Mps Infotecnics Limited
Echo, Inc.
Hi-Tech Information & Marketing Pvt. Ltd.
New Era Information Systems Incorporation d/b/a WebYourCompany.com
GlobalHosting, Inc. d/b/a SiteRegister
Marksonline, Inc.
pAsia, Inc.
Key-Systems GmbH
Address Creation, LLC
American Domain Name Registry
Alice's Registry, Inc.
Globedom Datenkommunikations GmbH, d/b/a Globedom
Interlink Co., Ltd.
4Domains, Inc.
NameRepublic.com
Research Institute for Computer Science, Inc.
Central Registrar, Inc. DBA Domainmonger.com
DNC Holdings, Inc.
MarkMonitor Inc.
Yellowiz Corp. d/b/a Yellowname.com
British Telecommunications (BT plc)
Netblue Communications Co., Ltd.
CSC Corporate Domains, Inc.
Wooho Technology CO., Ltd d/b/a RGNames.com
000domains, LLC
PDR Ltd. d/b/a PublicDomainRegistry.com
freenet Cityline GmbH d/b/a freenet Datenkommunikations GmbH
Philippine Registry.com, Inc.
TLDS L.L.C. d/b/a SRSPlus
Registration Technologies, Inc.
NameTree, Inc.
Bombora Technologies Pty Ltd
Abu-Ghazaleh Intellectual Property dba TAGIdomains.com
Funpeas Media Ventures, LLC dba DomainProcessor.com
Triara.com S.A. de C.V.
Reserved for historical use (EDUCAUSE)
RESERVED-Internet Assigned Numbers Authority
Venture.com, Inc. d/b/a DomainCity.com
2030138 Ontario Inc. dba NamesBeyond.com and dba GoodLuckDomain.com
Arsys Internet, S.L. dba NICLINE.COM
Tuonome.it Srl d/b/a APIsrs.com
DomReg Ltd. d/b/a LIBRIS.COM
@Com Technology, LLC
Misk.com, Inc.
Adgrafix Corporation
AZC, Inc. d/b/a AZC.com
C I Host, Inc.
Concentric Network Corporation
Cydian Technologies, LLC
DevelopersNetwork.com., Inc. dba DomainInvestigator.com (Canada)
Apex Registry, Inc.
Sea Wasp, LLC
Domain-It!, Inc.
Domain Pro, LLC
Eastern Counties Newspaper Group Ltd. d/b/a Eastern Counties Network
Equitron, Inc. d/b/a DomainNameRegistration.com
eWindowShop.com
ExtremeNames.com
CommuniGal Communication Ltd.
HDFC WebNet Services Ltd.
Alibaba Cloud Computing (Beijing) Co., Ltd.
InfoNetworks, Inc.
InfoUSA.com
Internetplaza City Co., Ltd.
Internetters Limited
Intuit, Inc.
iTool.com, Inc.
Lightrealm
Name.Space, Incorporated
Neomode Co., Ltd.
CORPORATION SERVICE COMPANY (UK) LIMITED
DreamHost, LLC
Nobel Networks
OVH sas
PRIMUS Telecommunications Canada Inc.
Professo, LLC
PSINet Inc.
SiteName Ltd.
Direct Connection Ltd.
USA Webhost, Inc.
Wild West Domains, LLC
HANILNETWORKS Co., Ltd.
IKANO Communications
Vayala Corporation dba Demand.com
Inames Co., Ltd.
Bondi, LLC
Hosting-Network, Inc.
SafeNames Ltd.
Universal Registration Services, Inc. dba NewDentity.com
Korea Information Certificate Authority, Inc. dba DomainCA.com
DomainName.com, Inc.
AAAQ.COM, Inc.
Name105, Inc.
AllGlobalNames, S.A. dba Cyberegistro.com
EnCirca, Inc.
Webnames.ca Inc.
Cydentity, Inc. dba Cypack.com
#1 Accredited Registrar
Domain Monkeys, LLC
Web Commerce Communications Limited dba WebNic.cc
DotForce Corp. dba DotForce.com
Personal Names Limited
Regional Network Information Center, JSC dba RU-CENTER
Name 2 Host, Inc. dba name2host.com
Domains.coop Limited
DomainSite, Inc.
NHN JAPAN Corp.
Amazon Registrar, Inc.
easyDNS Technologies Inc.
Nom-iq Ltd. dba COM LAUDE
Bizcn.com, Inc.
Dynadot, LLC
Best Registration Services, Inc. dba BestRegistrar.com
IDC Frontier Inc.
R. Lee Chambers Company LLC dba DomainsToBeSeen.com
Rebel Ltd
French Connexion SARL dba Domaine.fr
LCN.COM Ltd.
Inic GmbH
In2net Network Inc.
rockenstein AG
Namezero, LLC
Annulet LLC
EnetRegistry, Inc.
Sav.com, LLC
Server-Service AG
Inter China Network Software (Beijing) Co., Ltd. (aka 3721)
Blue Razor Domains, LLC
ESoftwiz, Inc.
Vivid Domains, Inc.
Acropolis Telecom
Epik, Inc.
Enetica Pty Ltd
Domainducks, LLC
Fiducia LLC, Latvijas Parstavnieciba
Nameview, Inc.
Name124, Inc.
Name122, Inc.
Name.com, Inc.
Globis LLC
Name Trance LLC
Vedacore.com, Inc.
Domainz Limited
Answerable.com (I) Pvt Ltd
Web.com Holding Company, Inc.
Asadal, Inc.
Beijing Innovative Linkage Software Service Co. Ltd
NetTuner Corp. dba Webmasters.com
SNAPNAMES 72, LLC
BRANDON GRAY INTERNET SERVICES INC. (dba "NameJuice.com”)
Dot Holding Inc.
Name SRS AB
Sipence, Inc.
Mobile Name Services, Inc.
H. J. Linnen Associates Ltd.
Corsearch Domains LLC
DNS:NET Internet Service GmbH
Aim High!, Inc.
GMO-Z.com Pte. Ltd.
SNAPNAMES 73, LLC
SNAPNAMES 74, LLC
Webagentur.at Internet Services GmbH
Nictrade Internet Identity Provider AB
SNAPNAMES 75, LLC
Total Calories, Inc. dba Slim Names
SNAPNAMES 76, LLC
NamePal.com #8028, LLC
SNAPNAMES 77, LLC
SNAPNAMES 78, LLC
SNAPNAMES 79, LLC
Register Names, LLC
SNAPNAMES 80, LLC
Vista.com, Inc.
SNAPNAMES 81, LLC
SNAPNAMES 82, LLC
SNAPNAMES 83, LLC
Web4Africa (Pty) Ltd
iRegistry Corp.
SNAPNAMES 84, LLC
Name Share, Inc.
Lead Networks Domains Pvt. Ltd.
ResellerSRS Inc dba ResellerSRS.com
$$$ Private Label Internet Service Kiosk, Inc. (dba "PLISK.com")
CSC Management Consulting (Shanghai) Co., Ltd.
SNAPNAMES 85, LLC
NJ Tech Solutions Inc. dba Expertsrs.com
CVO.ca Inc.
Super Registry Ltd
ExtremeDomains.ca Inc.
NetRegistry Pty Ltd.
Ace of Domains, Inc.
Compana LLC
SearchName.ca Internet Services Corporation
DomainPlaza.ca Inc.
NamePal.com #8008, LLC
WorldNames.ca Inc.
Domainscape.ca Inc.
Domainscostless.com Inc.
PriceDomain.ca Internet Services Corporation
GoName-WA.com, Inc.
PrimeDomain.ca Inc.
Domains2be.com Inc.
GotNames.ca Inc.
DomainMarketPlace.ca Inc.
IPXcess.com Sdn Bhd
Whoistoolbar Corp.
MOBIKAPP Limited
Entorno Digital, S.A.
Todaynic.com, Inc.
Dagnabit, LLC
Internet Internal Affairs, LLC
Blisternet, LLC
Domainnovations, LLC
Dropoutlet, LLC
Nom Infinitum, LLC
SNAPNAMES 89, LLC
Extra Threads, LLC
Indirection Identity, LLC
Fushi Tarazu, LLC
SNAPNAMES 1, LLC
DomainAllies.com, Inc.
! ! ! $0 Cost Domain and Hosting Services, Inc.
DomainSystems, Inc. dba DomainsSystems.com
Tahoe Domains, Inc.
3597245 Canada Inc. dba Nic-Name Internet Service Corp.
3684458 Canada Inc. dba Quark.ca Internet Services Corporation
GoNames.ca Inc.
DomainsFirst.ca Inc.
BeMyDomain.net, Inc.
DomainBuzz.ca Inc.
NamePal.com #8001, LLC
PopularDomains.ca Inc.
LuckyDomains.ca Inc.
GoName-FL.com, Inc.
SecureDomain.ca Internet Services Corporation
South America Domains Ltd. dba namefrog.com.
NameStream.com, Inc.
EntertheDomain.com, Inc.
Hostmaster.ca Inc.
YourDomainCo.com Inc.
Regnow.ca Inc.
ZippyDomains.ca Inc.
Domus Enterprises LLC dba DOMUS
UsefulDomains.net Inc.
NamePal.com #8004, LLC
Rebel.ca Corp.
Romel Corporation
Matchnames.ca Inc.
DomainMall.ca Inc.
DomainAuthority.ca Inc.
GoName-HI.com, Inc.
Abdomainations.ca Inc.
DomainStreet.ca Inc.
NamePal.com #8002, LLC
Crazy8Domains.com Inc.
Domains2Go.ca Inc.
MyNameOnline.ca Inc
Intersolved-WA.com Inc.
NamePal.com #8023, LLC
DomainCentral.ca Inc.
Nerd Names, LLC
Sicherregister, LLC
SNAPNAMES 2, LLC
Name Thread, LLC
Sssasss, LLC
Name Nelly, LLC
2003300 Ontario Inc. dba GetDomainsIWant.ca Internet Services Corp.
3349608 Canada Inc. dba GetYourDotInfo.com Inc.
6230644 Canada Inc. dba Megabyte.ca Internet Services Corp.
AvailableDomains.ca Inc.
Intersolved-TX.com, Inc.
Coolhosting.ca Inc.
NamePal.com #8024, LLC
NamePal.com #8025, LLC
Domainestic.com Inc.
Domainfighter.ca Inc.
Intersolved-TN.com, Inc.
DomainHeadz.ca Inc.
DomainIdeas.ca Inc.
Domainlink.ca Inc.
DomainLuminary.ca Inc.
NamePal.com #8026, LLC
MyManager, Inc.
DomainParadise.ca Inc.
Domainreign.ca Inc.
Domains4u.ca Inc.
Zhuimi Inc
Paimi Inc
Agrinoon Inc
DomainVentures.ca Internet Services Corporation
NamePal.com #8006, LLC
NamePal.com #8007, LLC
NamePal.com #8021, LLC
Grabton.ca Inc.
Hipsearch.com Inc.
NamePal.com #8009, LLC
Maindomain.ca Inc.
GoName-TN.com, Inc.
Name.cc Inc
Notablenames.ca Inc.
Premierename.ca Inc.
PrimeRegistrar.ca Inc.
NamePal.com #8019, LLC
Redomainder Internet Services Corporation
RegisterMyDomains.ca Inc.
Registerone.ca Inc.
ScoopDomain.ca Inc.
Securadomain.ca Inc.
Submit.ca Inc.
TheDomainNameStore.ca Inc.
TheDomainShop.ca Inc.
WeRegisterIt.ca Inc.
WhatsYourName.ca Inc.
Wisdomain.ca Inc.
Zidodomain.ca Inc.
Domainiac.ca Inc.
Simply Named Inc. dba SimplyNamed.com
Registrar Company, Inc.
Ledl.net GmbH
About Domain Dot Com Solutions Pvt. Ltd. d/b/a www.aboutdomainsolutions.com
Atlas Advanced Internet Solutions Ltd. dba Atlas Internet
CoolHandle Hosting, LLC
Basic Fusion, Inc.
Internet.bs Corp.
Planet Online Corp.
0101 Internet, Inc.
MAFF Inc.
Interdominios, Inc.
Turkticaret.net Yazılım Hizmetleri Sanayi ve Ticaret A.Ş.
PHPNET France DBA Nuxit
RegisterFly.com, Inc.
Registrar Label, Inc.
Internet Service Registrar, Inc.
BP Holdings Group, Inc. dba IS.COM
Name.net, Inc.
Mouzz Interactive, Inc.
Hetzner Online GmbH
Anytime Sites, LLC
IPNIC, Inc.
Crisp Names, LLC
EstDomains, Inc.
Dotted Ventures, Inc.
Domain Jingles, Inc.
KuwaitNET General Trading Co.
The Namespace Group Pty Ltd
Freeparking Domain Registrars, Inc.
BatDomains.com Ltd.
Realtime Register B.V.
Nicco Ltd.
Tiger Technologies LLC
SoftLayer Technologies, Inc.
Incuborn Solutions Inc.
Minds and Machines Registrar UK Limited
1800-website, LLC
123domainrenewals, LLC
Hostlane, LLC
PrivacyPost, LLC
Allindomains, LLC
Allaccessdomains, LLC
Addressontheweb, LLC
Atozdomainsmarket, LLC
Austriadomains, LLC
995discountdomains, LLC
24x7domains, LLC
1st-for-domain-names, LLC
Capitoldomains, LLC
Chinesedomains, LLC
Cocosislandsdomains, LLC
Belgiumdomains, LLC
Bidfordomainnames, LLC
Capitaldomains, LLC
Deutchdomains, LLC
Domaincamping, LLC
Domaindoorman, LLC
Domainhostingweb, LLC
Domaininternetname, LLC
Domainnamebidder, LLC
Domainnamelookup, LLC
Niuedomains, LLC
Samoandomains, LLC
Tuvaludomains, LLC
Unitedkingdomdomains, LLC
Chocolatecovereddomains,LLC
Claimeddomains, LLC
Department-of-domains, LLC
Decentdomains, LLC
Columbiadomains, LLC
Domainbusinessnames, LLC
Domainclub.com, LLC
Domainbulkregistration, LLC
Domain-A-Go-Go, LLC
Discountdomainservices, LLC
Diggitydot, LLC
Austriandomains, LLC
Domain.com, LLC
Netdorm, Inc. dba DnsExit.com
Pheenix, Inc.
Domainclip Domains, Inc.
IP Mirror Pte Ltd dba IP MIRROR
Iron Mountain Intellectual Property Management, Inc.
Netfirms, Inc.
NetraCorp LLC dba Global Internet
Domain Jamboree, LLC
Google LLC
Aruba SpA
21Company, Inc. dba 21-domain.com
Alantron Inc.
Naugus Limited LLC
Netregistry Wholesale Pty Ltd
AirNames.com Inc.
Arab Internet Names, LLC
AsiaDomains, LLC
AvidDomains.com Inc.
CodyCorp.com Inc.
CSIRegistry.com Inc.
DNSvillage.com, Inc.
DomainHip.com Inc.
DynaNames.com Inc.
Entertainment Names, LLC
BrandNames.com SARL
Kingdomains, LLC
PocketDomain.com Inc.
Postaldomains, LLC
Private Domains, LLC
RallyDomains.com Inc.
SBSNames, LLC
Small Business Names And Certs, LLC
Traffic Names, LLC
Travel Domains, LLC
Whiteglove Domains, LLC
Afterdark Domains, LLC
One Putt, LLC
Ynot Domains Corp.
Everyones Internet, Ltd. dba SoftLayer
Reseller Services, Inc. dba ResellServ.com
Nomer Registro de Dominio e Hospedagem de sites Ltda DBA Nomer.com.br
Hostway Services, Inc.
AfterGen, Inc. dba JumpingDot
Zipa, L.L.C.
UdomainName.com LLC
FindUAName.com LLC
YouDamain.com LLC
GoServeYourDomain.com LLC
Commerce Island, LLC
Ground Internet, Inc.
Blue Fractal, LLC
WHC Online Solutions Inc.
Desert Devil, LLC
Above.com Pty Ltd.
Dynamic Dolphin, Inc.
Autica Domain Services Inc.
DotSpeedy LLC dba dotspeedy.com
IServeYourDomain.com LLC
Udamain.com LLC
FindYouADomain.com LLC
FindYouAName.com LLC
Kontent GmbH
Verza Domain Depot BV
A Rite Tern, LLC
Humeia Corporation
SaveMoreNames.com Inc.
Nanjing Imperiosus Technology Co. Ltd.
INDOM SAS
Launchpad.com Inc.
Hosting365 Inc.
Titanic Hosting, LLC
Virtual Registrar, Inc.
Tropic Management Systems, Inc.
WebZero, Inc.
Rank USA, LLC
Red Register, Inc.
Nom d'un Net ! Sarl
Fluccs - The Australian Cloud Pty Ltd
Web Business, LLC
! #1 Host Australia, LLC
! #1 Host Germany, LLC
! #1 Host Brazil, Inc.
! #1 Host China, LLC
! #1 Host Canada, LLC
Netregistry Domains Pty Ltd
Haveaname, LLC
Netestate, LLC
Topsystem, LLC
http.net Internet GmbH
Broadspire Inc.
! #1 Host Israel, Inc.
! #1 Host United Kingdom, Inc.
! #1 Host Japan, LLC
! #1 Host Korea, LLC
! #1 Host Kuwait, Inc.
! #1 Host Malaysia, Inc.
ID Genesis, LLC
Own Identity, Inc.
Mighty Bay, LLC
Imperial Registrations, Inc.
R.B. Data Net LTD.
Tarton Domain Names Ltd.
The Black Cow Corp.
Jaz Domain Names Ltd.
MojoNIC, L.L.C. dba MojoNIC.com
CareerBuilder, LLC dba CareerBuilder.com
$ PPC Marketing LLC
Europe Domains LLC
DomainAdministration.com, LLC
NamePal.com, LLC
Tzolkin Corporation dba: TZO.COM
Mobiline USA dba domainbonus.com
******nondotcom, Inc.
Domeneshop AS dba domainnameshop.com
Maxim Internet, Inc.
Ekados, Inc., d/b/a groundregistry.com
Netlynx Inc.
NetEarth One Inc. d/b/a NetEarth
Az.pl, Inc.
Net 4 India Limited
SNAPNAMES 7, LLC
SNAPNAMES 8, LLC
SNAPNAMES 9, LLC
101domain GRS Limited
SNAPNAMES 10, LLC
SNAPNAMES 11, LLC
SNAPNAMES 12, LLC
MOBILE.CO DOMAINS CORP.
Gee Whiz Domains, Inc.
Black Ice Domains, Inc.
Backslap Domains, Inc.
Threadagent.com, Inc.
Threadwalker.com, Inc.
Threadwatch.com, Inc.
NamePal.com #8010, LLC
NamePal.com #8011
NamePal.com #8012, LLC
NamePal.com #8013, LLC
NamePal.com #8014, LLC
NamePal.com #8015, LLC
NamePal.com #8016, LLC
NamePal.com #8017, LLC
Threadwise.com, Inc.
NamePal.com #8018, LLC
DNGLOBE LLC
SNAPNAMES 13, LLC
SNAPNAMES 14, LLC
SNAPNAMES 15, LLC
SNAPNAMES 16, LLC
SNAPNAMES 17, LLC
SNAPNAMES 18, LLC
Cheapies.com Inc.
Name106, Inc.
Good Luck Internet Services PVT, LTD.
Big House Services, LLC
Domain Rouge, LLC
SNAPNAMES 3, LLC
SNAPNAMES 4, LLC
SNAPNAMES 5, LLC
SNAPNAMES 6, LLC
SNAPNAMES 19, LLC
SNAPNAMES 20, LLC
SNAPNAMES 36, LLC
SNAPNAMES 71, LLC
EuroDNS S.A.
SNAPNAMES 98, LLC
Retail Domains, LLC
SearchNResQ, LLC
Fenominal, LLC
SNAPNAMES 86, LLC
SNAPNAMES 95, LLC
SNAPNAMES 96, LLC
SNAPNAMES 97, LLC
SNAPNAMES 87, LLC
SNAPNAMES 94, LLC
SNAPNAMES 92, LLC
SNAPNAMES 93, LLC
SNAPNAMES 88, LLC
SNAPNAMES 90, LLC
SNAPNAMES 91, LLC
NameCheap, Inc.
DropExtra.com, LLC
DropFall.com, LLC
DropHub.com, LLC
DropJump.com, LLC
DropLabel.com, Inc.
DropLimited.com, Inc.
DropSave.com, LLC
Domain Guardians, Inc.
DropWalk.com, LLC
DropWeek.com, LLC
Internet Solutions (Pty) Ltd.
Locaweb Servicos de Internet S/A dba Locaweb
Bargin Register, Inc.
Register4Less, Inc.
Curious Net, LLC
AsiaRegister, Inc.
Click Registrar, LLC dba publicdomainregistry.com
Marcaria.com International, Inc.
MOOZOOY MEDIA INC.
Globe Hosting, Inc.
Blue Gravity Communications, Inc.
Active Registrar, Inc.
IHS Telekom, Inc.
Best Bulk Register, Inc.
Cool Ocean, LLC
HooYoo (US) Inc.
European NIC Inc.
Find Good Domains, LLC
Nettica Domains, Inc.
Domain Mantra, LLC
Domain Band, LLC
Net Juggler, LLC
Power Carrier, LLC
Network Savior, LLC
Name For Name, Inc.
Name To Fame, LLC
Unpower, LLC
Unified Servers, LLC
Tech Tyrants, LLC
Ultra Registrar, LLC
Trade Starter, LLC
FBS Inc.
DomainContext, Inc.
Internet Invest, Ltd. dba Imena.ua
Instinct Solutions, LLC
Media Elite Holdings Limited
Visual Monster, LLC
Domerati, Inc.
Platinum Registrar, LLC
Crystal Coal, LLC
Extremely Wild, LLC
Game For Names, LLC
Go Full House, LLC
Key Registrar, LLC
Magic Friday, LLC
Need Servers, LLC
Name Perfections, LLC
Yellow Start, LLC
Zone Casting, LLC
Power Namers, LLC
Extend Names, LLC
Ever Ready Names, LLC
Experian Services Corp.
Dotname Korea Corp.
The Names Registration, Inc.
General Names, Inc.
Best Site Names, Inc.
Specific Name, Inc.
Naming Associate, Inc.
Names Real, Inc.
Names Bond, Inc.
Global Names Online, Inc.
Get Real Names, Inc.
Genuine Names, Inc.
Your Domain King, LLC
The Registrar Service, LLC
Big Domain Shop, LLC
Western United Domains, Inc.
Super Name World, LLC
Jumbo Name, LLC
Go China Domains, LLC
Go Canada Domains, LLC
Go Australia Domains, LLC
Go Montenegro Domains, LLC
Go France Domains, LLC
FastDomain Inc.
Power Brand Center Corp.
Identify.com Web Services LLC
AtlanticFriendNames.com LLC
Adomainofyourown.com LLC
Allearthdomains.com LLC
Atomicdomainnames.com LLC
Baronofdomains.com LLC
Beartrapdomains.com LLC
Belmontdomains.com LLC
Betterthanaveragedomains.com LLC
Biglizarddomains.com LLC
BullRunDomains.com LLC
Allworldnames.com LLC
Burnsidedomains.com LLC
Columbianames.com LLC
Compuglobalhypermega.com LLC
Deschutesdomains.com LLC
Domainamania.com LLC
Domainarmada.com LLC
DomainCannon.com LLC
Domaincapitan.com LLC
Domaincomesaround.com LLC
Domaingazelle.com LLC
Domainhawks.net LLC
Domainhysteria.com LLC
Domaininthebasket.com LLC
Domaininthehole.com LLC
Domainjungle.net LLC
DomainParkBlock.com LLC
Domainraker.net LLC
Domainroyale.com LLC
DomainSails.net LLC
Domainsalsa.com LLC
Domainsareforever.net LLC
Domainsinthebag.com LLC
Domainsofcourse.com LLC
Domainsoftheday.net LLC
Domainsoftheworld.net LLC
Domainsofvalue.com LLC
Domainsouffle.com LLC
Domainsoverboard.com LLC
Domainsovereigns.com LLC
DomainSprouts.com LLC
Domainstreetdirect.com LLC
Domainsurgeon.com LLC
Domaintimemachine.com LLC
Domainyeti.com LLC
DuckBilledDomains.com LLC
EUNameFlood.com LLC
EunamesOregon.com LLC
EuropeanConnectiononline.com LLC
EurotrashNames.com LLC
EUTurbo.com LLC
Flancrestdomains.com LLC
Freshbreweddomains.com LLC
FrontStreetDomains.com LLC
Godomaingo.com LLC
Gozerdomains.com LLC
Gradeadomainnames.com LLC
Heavydomains.net LLC
Imminentdomains.net LLC
Interlakenames.com LLC
Mypreciousdomain.com LLC
Namearsenal.com LLC
Namecroc.com LLC
Nameemperor.com LLC
Namefinger.com LLC
NotSoFamousNames.com LLC
Octopusdomains.net LLC
OldTownDomains.com LLC
OldWorldAliases.com LLC
OregonEU.com LLC
OregonURLs.com LLC
PDXPrivateNames.com LLC
PearlNamingService.com LLC
PortlandNames.com LLC
Protondomains.com LLC
Skykomishdomains.com LLC
ThirdFloorDNS.com LLC
WillametteNames.com LLC
ZigZagNames.com LLC
iCrossing, Inc.
Sundance Group, Inc.
OOO "Russian Registrar"
CPS-Datensysteme GmbH
Digirati Informatica Servicos e Telecomunicacoes LTDA dba Hostnet.com
Alfena, LLC
Ignitela, LLC
yenkos, LLC
Intersolved-HI.com, Inc.
WhiteCowDomains.com Inc.
Dontaskwhy.ca Inc.
Intersolved-FL.com, Inc.
GoName-TX.com, Inc.
DotAlliance Inc.
OwnRegistrar, Inc.
Nameshield SAS
OPENNAME LLC
NICREG LLC
NEUDOMAIN LLC
MISTERNIC LLC
INSTANTNAMES LLC
Variomedia AG
Namehouse, Inc.
SBNames Ltd.
ISPREG LTD
ABSYSTEMS INC dba yournamemonkey.com
Dinahosting s.l.
SNAPNAMES 21, LLC
SNAPNAMES 22, LLC
SNAPNAMES 23, LLC
SNAPNAMES 24, LLC
SNAPNAMES 26, LLC
SNAPNAMES 27, LLC
SNAPNAMES 28, LLC
SNAPNAMES 29, LLC
SNAPNAMES 30, LLC
SNAPNAMES 31, LLC
SNAPNAMES 32, LLC
SNAPNAMES 33, LLC
SNAPNAMES 34, LLC
SNAPNAMES 35, LLC
SNAPNAMES 37, LLC
SNAPNAMES 38, LLC
SNAPNAMES 39, LLC
SNAPNAMES 41, LLC
SNAPNAMES 51, LLC
SNAPNAMES 52, LLC
SNAPNAMES 53, LLC
SNAPNAMES 54, LLC
SNAPNAMES 55, LLC
SNAPNAMES 56, LLC
SNAPNAMES 60, LLC
SNAPNAMES 61, LLC
SNAPNAMES 62, LLC
SafeBrands SAS
Dreamscape Networks International Pte Ltd
SNAPNAMES 45, LLC
SNAPNAMES 49, LLC
SNAPNAMES 48, LLC
SNAPNAMES 25, LLC
SNAPNAMES 58, LLC
SNAPNAMES 65, LLC
Corporation Service Company (DBS) INC.
SNAPNAMES 68, LLC
SNAPNAMES 63, LLC
SNAPNAMES 57, LLC
SNAPNAMES 40, LLC
SNAPNAMES 66, LLC
SNAPNAMES 42, LLC
SNAPNAMES 46, LLC
SNAPNAMES 67, LLC
SNAPNAMES 47, LLC
SNAPNAMES 50, LLC
SNAPNAMES 43, LLC
SNAPNAMES 44, LLC
SNAPNAMES 70, LLC
SNAPNAMES 59, LLC
SNAPNAMES 69, LLC
SNAPNAMES 64, LLC
USA Intra Corp.
Xiamen 35.Com Technology Co., Ltd.
documentdata Anstalt
Kaunas University of Technology
Mister Name SARL
NGI SpA
ATXDOMAINS Inc.
GPDOMAINS Inc.
IDNDOMAINS Inc.
TLDOMAINS Inc.
VentureDomains, Inc.
Webair Internet Development, Inc.
Vitalwerks Internet Solutions, LLC DBA No-IP
RegistryGate GmbH
Intermedia.NET, Inc.
Microsoft Corporation
eName Technology Co., Ltd.
Experinom Inc.
Samjung Data Service Co., Ltd
#1 Internet Services International, Inc. dba 1ISI
Volusion, Inc.
Net-Chinese Co., Ltd.
Terranet (India) Private Limited
UltraRPM, Inc. dba metapredict.com
M. G. Infocom Pvt. Ltd. dba MindGenies
Arctic Names, Inc.
Hawthornedomains.com LLC
Namevolcano.com LLC
Namesalacarte.com LLC
Namepanther.com LLC
Key-Systems, LLC
Sitefrenzy.com LLC
Silverbackdomains.com LLC
Savethename.com LLC
Santiamdomains.com LLC
Sammamishdomains.com LLC
Rainydaydomains.com LLC
GateKeeperDomains.net LLC
Soyouwantadomain.com LLC
Snoqulamiedomains.com LLC
Snappyregistrar.com LLC
Mvpdomainnames.com LLC
Microbreweddomains.com LLC
Masterofmydomains.net LLC
Lakeodomains.com LLC
Klaatudomains.com LLC
IBI.Net, Inc.
Regtime Ltd.
FarStar Domains, Inc.
Kheweul.com SA
Open System Ltda - Me
Xiamen ChinaSource Internet Service Co., Ltd
Paknic (Private) Limited
1 Domain Source Ltd. dba Domain One Source, Inc.
Discount Domains Ltd.
Internet Viennaweb Service GmbH
Name SRS AB
Sedo.com LLC
DotArai Co., Ltd.
Standard Names, LLC
Register.ca Inc.
Instra Corporation Pty Ltd.
Alibaba (China) Technology Co., Ltd.
Hosteur SARL
Service Development Center of the State Commission Office for Public Sector Reform
Oi Internet S/A
AFRIREGISTER S.A.
Add2Net Inc.
Soluciones Corporativas IP, SL
DevStart, Inc.
Relevad Corporation
Premium Registrations Sweden AB
1API GmbH
Dattatec Corp
Universo Online S/A (UOL)
Mesh Digital Limited
Azdomainz, LLC
Azprivatez, LLC
New Great Domains, Inc.
Names In Motion, Inc.
www.com
Abansys & Hostytec, S.L.
HooYoo Information Technology Co. Ltd.
Net Enforcers, Inc.
Clertech.com Inc.
domainfactory GmbH
Hu Yi Global Information Resources (Holding) Company
10dencehispahard, S.L.
Web Site Source, Inc.
Internet NAYANA Inc.
Thought Convergence, Inc.
SW Hosting & Communications Technologies SL dba Serveisweb
united-domains AG
Verelink, Inc.
Alisoft (Shanghai) Co., Ltd.
DomainName Highway LLC
China Springboard, Inc.
Blueweb, Inc.
Desto! Inc.
Minds and Machines LLC
Guangzhou Ming Yang Information Technology Co., Ltd
Danesco Trading Ltd.
Bharti Airtel Services Limited
INWX GmbH
Lime Labs LLC
Deviation, LLC, d/b/a Domoden
Uber Australia E1 Pty Ltd
Wingu Networks, S.A. de C.V.
Registrar R01 LLC
Zog Media, Inc. DBA Zog Names
Homestead Limited dba Namevault.com
Hebei Guoji Maoyi (Shanghai) LTD dba HebeiDomains.com
Purenic Japan Inc.
GLOBIX Kft.
Alpine Domains Inc.
Digitrad France SAS
GMO Brights Consulting Inc.
AB RIKTAD
Center of Ukrainian Internet Names (UKRNAMES)
Sync Intertainment S.L.
Beijing RITT - Net Technology Development Co., Ltd
Porting Access B.V.
NetClient AS
TurnCommerce, Inc. DBA NameBright.com
Internet Networks S.A. De C.V.
Vautron Rechenzentrum AG
TWT S.p.A.
VocalSpace, LLC dba DesktopDomainer.com
Larsen Data ApS
World Biz Domains, LLC
Blacknight Internet Solutions Ltd.
URL Solutions, Inc.
Domain Services Rotterdam BV
iWelt AG
Site Matrix LLC
Directi Web Services Pvt. Ltd.
Nics Telekomunikasyon A.S.
Mijndomein.nl BV
NetArt Registrar Sp. z o.o.
Times Internet Limited
Telefonica Brasil S.A.
Domainmonster.com, Inc.
Server Plan Srl
Asusa Corporation
One.com A/S
Global Domains International, Inc. DBA DomainCostClub.com
NameWeb BVBA
Hangzhou AiMing Network Co., Ltd.
Lexsynergy Limited
Combell NV
Virtucom Networks S.A.
Jiangsu Bangning Science & technology Co. Ltd.
Shanghai Yovole Networks, Inc.
Astutium Limited
LiquidNet Ltd.
Jungbonet Co., Ltd
WIXI Incorporated
April Sea Information Technology Company Limited
World4You Internet Services GmbH
Name108, Inc.
CV. Jogjacamp
NameSilo, LLC
The Registrar Company B.V.
Hu Yi Global Information Hong Kong Limited
SARL VIADUC
Neubox Internet S.A. de C.V.
Infocom Network Ltd.
Japan Registry Services Co., Ltd.
IndiaLinks Web Hosting Pvt Ltd.
Demys Limited
Megazone Corp., dba HOSTING.KR
dm3 Digital Media Marketing and Monitoring FZ-LLC
Koreacenter co., Ltd.
NEEN S.p.A.
Ilait AB
Beijing Guoxu Network Technology Co., Ltd.
BigRock Solutions Ltd.
Name121, Inc.
ELSERVER SRL
NetBulk NV
Ghana Dot Com Ltd.
Tirupati Domains and Hosting Pvt Ltd.
DotRoll Kft.
Gabia C&S
PT Ardh Global Indonesia
camPoint AG
Gransy, s.r.o.
Gesloten Domain N.V.
RIDE Co., Ltd.
TOGLODO S.A.
Cosmotown, Inc.
Name118, Inc.
Name113, Inc.
Name112, Inc.
Name104, Inc.
Name111, Inc.
123-Reg Limited
Zhengzhou Yi Fang Electronics Co., Ltd.
HOAPDI INC.
Shanghai Best Oray Information S&T Co., Ltd.
NETIM SARL
Adknowledge, Inc.
Yexa.com Pty Ltd.
home.pl S.A.
Tong Ji Ming Lian (Beijing) Technology Corporation Ltd. (Trename)
Networking4all B.V.
Guangdong JinWanBang Technology Investment Co., Ltd.
Hogan Lovells International LLP
DOMAIN NAME NETWORK PTY LTD
Groupe MIT SARL
DomainLocal LLC
Pacific Online Inc.
Automattic Inc.
KINX Co., Ltd.
Good Domain Registry Pvt Ltd.
Aerotek Bilisim Sanayi ve Ticaret AS
TheNameCo LLC
BoteroSolutions.com S.A.
NameJolt.com LLC
NameTell.com LLC
Nameling.com LLC
Domainwards.com LLC
DomainPrime.com LLC
ITEASY Inc.
Name110, Inc.
Name114, Inc.
Name115, Inc.
Name116, Inc.
Name117, Inc.
Name119, Inc.
Name120, Inc.
Name109, Inc.
Name107, Inc.
Name106, Inc.
Small World Communications, Inc.
DomainSnap, LLC
22net, Inc.
Chengdu West Dimension Digital Technology Co., Ltd.
Netowl, Inc.
SiliconHouse.Net Pvt Ltd.
Dynadot2 LLC
Genious Communications SARL/AU
Purity Names Incorporated
Badger Inc.
Foshan YiDong Network Co., LTD
TLD Registrar Solutions Ltd.
DreamScape Networks FZ-LLC
NameSector LLC
NameSay LLC
DomainFalcon LLC
DomainHood LLC
DomainExtreme LLC
WorthyDomains LLC
GlamDomains LLC
NameStrategies LLC
DotNamed LLC
ZoomRegistrar LLC
DomainDelights LLC
NameForward LLC
TradeNamed LLC
ProNamed LLC
NameBrew LLC
Loopia Hosting AB
Tecnologia, Desarrollo Y Mercado S. de R.L. de C.V.
Freeparking Limited
Tsukaerunet Co., Ltd.
MAT BAO CORPORATION
Mijn InternetOplossing B.V.
Beijing Sanfront Information Technology Co., Ltd
XYZ.COM LLC
ChinaNet Technology (SuZhou) CO., LTD
Promo People, Inc.
Powered by Domain.com LLC
Anessia, LLC
DanCue, LLC
BraveNames, LLC
GreenZoneDomains, LLC
EastNames Inc.
Alibaba Cloud Computing Ltd. d/b/a HiChina (www.net.cn)
Tecnocrática Centro de Datos, S.L.
Atak Domain Bilgi Teknolojileri A.Ş.
TransIP B.V.
DanDomain A/S
Chengdu Fly-Digital Technology Co., Ltd.
Registrar of Domain Names REG.RU LLC
CCI REG S.A.
Good Name Network Technology Ltd.
Synergy Wholesale Pty Ltd
NamesHere LLC
DomainGetter LLC
DomainCritics LLC
AccentDomains LLC
DomainAhead LLC
VisualNames LLC
NameTurn LLC
PresidentialDomains LLC
DomainTact LLC
Guangdong Nicenic Technology Co., Ltd. dba NiceNIC
EJEE Group Holdings Limited
Shanghai Meicheng Technology Information Development Co., Ltd.
Swedish Domains AB
Registrar Manager Inc.
Shanghai Oweb Network Co., Ltd
LEMARIT GmbH
Domainbox Limited
Domainmonster Limited
ZNet Technologies Pvt Ltd.
Hangzhou Duomai E-Commerce Co., Ltd
Ligne Web Services SARL dba LWS
Fujian Litian Network Technology Co.,Ltd
Chengdu Century Oriental Network Communication Co., Ltd.
NamePal.com #8027, LLC
Netnames Pty Ltd.
Beijing Midwest Taian Technology Services Ltd.
Hostinger, UAB
Dynadot0 LLC
Dynadot1 LLC
EBRAND Holdings S.A.
Beijing Wangzun Technology Co., Ltd.
Brennercom Limited
EmpireStateDomains, LLC
NorthNames, LLC
SouthNames, LLC
Diamatrix C.C.
Vigson, Inc.
Hosting Concepts B.V. d/b/a Registrar.eu
P.A. Viet Nam Company Limited
Dynadot3 LLC
Dynadot4 LLC
Dynadot5 LLC
Ourdomains Limited
Xiamen Nawang Technology Co., Ltd
Kagoya Japan Inc.
WHT Co., Ltd
Rethem Hosting LLC
GoDaddy Online Services Cayman Islands Ltd.
Domainshype.com, LLC
Domdrill.com, LLC
Enset
Hotdomaintrade.com, LLC
Namware.com, LLC
Vertex names.com, LLC
OpenTLD B.V.
Seymour Domains, LLC
EastEndDomains, LLC
InlandDomains, LLC
AtlanticDomains, LLC
MidWestDomains, LLC
PacificDomains, LLC
BDL Systemes SAS dba SYSTONIC
Domainia Inc.
CV. Rumahweb Indonesia
Vodien Australia Pty Ltd.
AcquiredNames LLC
BlastDomains LLC
BlockHost LLC
ComfyDomains LLC
DomainCraze LLC
DomainCreek LLC
DomainLadder LLC
DomainPicking LLC
EchoDomain LLC
InsaneNames LLC
LiteDomains LLC
NameBake LLC
NameChild LLC
NoticedDomains LLC
ReclaimDomains LLC
RegistrarDirect LLC
TotallyDomain LLC
WhatIsYourDomain LLC
AvidDomain LLC
Hostpoint AG
DNSPod, Inc.
GoName.com, Inc
Hostserver GmbH
Ingenit GmbH & Co. KG
DOMAINOO SAS
Alexander the Great, LLC
Cyrus the Great, LLC
Julius Caesar, LLC
Akky Online Solutions, S.A. de C.V.
Nominet Registrar Services Limited
Nhan Hoa Software Company Ltd.
Number One Web Hosting Limited
Only Domains Limited
DevilDogDomains.com, LLC
EU Technology (HK) Limited
Netzadresse.at Domain Service GmbH
Dynadot6 LLC
Dynadot7 LLC
Dynadot8 LLC
JPRS Registrar Co., Ltd.
Tianjin Zhuiri Science and Technology Development Co Ltd.
Internet Domain Name System Beijing Engineering Research Center LLC (ZDNS)
Stork Registry Inc.
Global Village GmbH
Taka Enterprise Ltd
Enartia Single Member S.A.
IP Twins SAS
Beijing ZhongWan Network Technology Co Ltd
DNSimple Registrar LLC
TLD Registrar Pty Ltd
Hostnet bv
Beijing Zihai Technology Co., Ltd
Shenzhen HuLianXianFeng Technology Co.,LTD
Emerald Registrar Limited
101domain Discovery Limited
JARHEADDOMAINS.COM, LLC
Emirates Telecommunications Corporation - Etisalat
Hangzhou Dianshang Internet Technology Co., LTD.
Henan Weichuang Network Technology Co. Ltd.
Shinjiru Technology Sdn Bhd
Zhengzhou Zitian Network Technology Co., Ltd.
Aahwed, Inc.
Domain Vault Limited
LogicBoxes Naming Services Ltd
REG.BG OOD
PANASIA INFORMATION LIMITED
Registrar Services LLC
Upperlink Limited
Authentic Web Inc.
SQUIDSAILERDOMAINS.COM, LLC
SALENAMES LTD
Domain Shield Pty Ltd
Shenzhen Esin Technology Co., Ltd
Netistrar Limited
DropCatch.com 345 LLC
DropCatch.com 346 LLC
DropCatch.com 347 LLC
DropCatch.com 348 LLC
DropCatch.com 349 LLC
DropCatch.com 350 LLC
DropCatch.com 351 LLC
DropCatch.com 352 LLC
DropCatch.com 353 LLC
DropCatch.com 354 LLC
DropCatch.com 355 LLC
DropCatch.com 356 LLC
DropCatch.com 357 LLC
DropCatch.com 358 LLC
DropCatch.com 359 LLC
DropCatch.com 360 LLC
DropCatch.com 361 LLC
DropCatch.com 362 LLC
DropCatch.com 363 LLC
DropCatch.com 364 LLC
DropCatch.com 365 LLC
DropCatch.com 366 LLC
DropCatch.com 367 LLC
DropCatch.com 368 LLC
DropCatch.com 369 LLC
DropCatch.com 370 LLC
DropCatch.com 371 LLC
DropCatch.com 372 LLC
DropCatch.com 373 LLC
DropCatch.com 374 LLC
DropCatch.com 375 LLC
DropCatch.com 376 LLC
DropCatch.com 377 LLC
DropCatch.com 378 LLC
DropCatch.com 379 LLC
DropCatch.com 380 LLC
DropCatch.com 381 LLC
DropCatch.com 382 LLC
DropCatch.com 383 LLC
DropCatch.com 384 LLC
DropCatch.com 385 LLC
DropCatch.com 386 LLC
DropCatch.com 387 LLC
DropCatch.com 388 LLC
DropCatch.com 389 LLC
DropCatch.com 390 LLC
DropCatch.com 391 LLC
DropCatch.com 392 LLC
DropCatch.com 393 LLC
DropCatch.com 394 LLC
DropCatch.com 395 LLC
DropCatch.com 396 LLC
DropCatch.com 397 LLC
DropCatch.com 398 LLC
DropCatch.com 399 LLC
DropCatch.com 400 LLC
DropCatch.com 401 LLC
DropCatch.com 402 LLC
DropCatch.com 403 LLC
DropCatch.com 404 LLC
DropCatch.com 405 LLC
DropCatch.com 406 LLC
DropCatch.com 407 LLC
DropCatch.com 408 LLC
DropCatch.com 409 LLC
DropCatch.com 410 LLC
DropCatch.com 411 LLC
DropCatch.com 412 LLC
DropCatch.com 413 LLC
DropCatch.com 414 LLC
DropCatch.com 415 LLC
DropCatch.com 416 LLC
DropCatch.com 417 LLC
DropCatch.com 418 LLC
DropCatch.com 419 LLC
DropCatch.com 420 LLC
DropCatch.com 421 LLC
DropCatch.com 422 LLC
DropCatch.com 423 LLC
DropCatch.com 424 LLC
DropCatch.com 425 LLC
DropCatch.com 426 LLC
DropCatch.com 427 LLC
DropCatch.com 428 LLC
DropCatch.com 429 LLC
DropCatch.com 430 LLC
DropCatch.com 431 LLC
DropCatch.com 432 LLC
DropCatch.com 433 LLC
DropCatch.com 434 LLC
DropCatch.com 435 LLC
DropCatch.com 436 LLC
DropCatch.com 437 LLC
DropCatch.com 438 LLC
DropCatch.com 439 LLC
DropCatch.com 440 LLC
DropCatch.com 441 LLC
DropCatch.com 442 LLC
DropCatch.com 443 LLC
DropCatch.com 444 LLC
DropCatch.com 445 LLC
Alpnames Limited
NameCentral, Inc.
Namemaster RC GmbH
Paragon Internet Group Ltd t/a Paragon Names
Porkbun LLC
Onlide Inc
DotMedia Limited
Dynadot9 LLC
Dynadot10 LLC
Dynadot11 LLC
Dynadot12 LLC
Eranet International Limited
DOMAINNAME BLVD, INC.
DOMAINNAME FWY, INC.
FLAPPY DOMAIN, INC.
MAFF AVENUE, INC.
AXC BV
Intracom Middle East FZE
NCC Group Secure Registrar, Inc.
Attila the Hun, LLC
Charlemagne 888, LLC
Douglas MacArthur, LLC
Dwight D. Eisenhower, LLC
Genghis Khan, LLC
George S. Patton, LLC
George Washington 888, LLC
Hannibal Barca, LLC
Isoroku Yamamoto, LLC
Karl Von Clausewitz, LLC
Napoleon Bonaparte, LLC
Robert E. Lee 888, LLC
Scipio Africanus, LLC
Sun Tzu 888, LLC
Ulysses S. Grant, LLC
Vo Nguyen Giap, LLC
William the Conqueror, LLC
humbly LLC
Namespro Solutions Inc.
ATI
Taiwan Network Information Center
BR domain Inc. dba namegear.co
CyanDomains, Inc.
DomainName Bridge, Inc.
Tname Group Inc.
HazelDomains, Inc.
KQW, Inc.
Xiamen Dianmei Network Technology Co., Ltd.
Xiamen Domains, Inc.
DomainName Path, Inc.
BRS, LLC
Webnames Limited
CloudFlare, Inc.
NUXIT
Vodien Internet Solutions Pte Ltd
DOTSERVE INC.
Beijing Zhuoyue Shengming Technologies Company Ltd.
West263 International Limited
Shenzhen Internet Works Online Technology Co., Ltd. (62.com)
MainReg Inc.
DomainName Driveway, Inc.
DomainName Parkway, Inc.
Fujian Domains, Inc.
Guangzhou Domains, Inc.
Gname.com Pte. Ltd.
Hello Internet Corp.
Guangdong HUYI Internet & IP Services Co., Ltd
DropCatch.com 446 LLC
DropCatch.com 447 LLC
DropCatch.com 448 LLC
DropCatch.com 449 LLC
DropCatch.com 450 LLC
DropCatch.com 451 LLC
DropCatch.com 452 LLC
DropCatch.com 453 LLC
DropCatch.com 454 LLC
DropCatch.com 455 LLC
DropCatch.com 456 LLC
DropCatch.com 457 LLC
DropCatch.com 458 LLC
DropCatch.com 459 LLC
DropCatch.com 460 LLC
DropCatch.com 461 LLC
DropCatch.com 462 LLC
DropCatch.com 463 LLC
DropCatch.com 464 LLC
DropCatch.com 465 LLC
DropCatch.com 466 LLC
DropCatch.com 467 LLC
DropCatch.com 468 LLC
DropCatch.com 469 LLC
DropCatch.com 470 LLC
DropCatch.com 471 LLC
DropCatch.com 472 LLC
DropCatch.com 473 LLC
DropCatch.com 474 LLC
DropCatch.com 475 LLC
DropCatch.com 476 LLC
DropCatch.com 477 LLC
DropCatch.com 478 LLC
DropCatch.com 479 LLC
DropCatch.com 480 LLC
DropCatch.com 481 LLC
DropCatch.com 482 LLC
DropCatch.com 483 LLC
DropCatch.com 484 LLC
DropCatch.com 485 LLC
DropCatch.com 486 LLC
DropCatch.com 487 LLC
DropCatch.com 488 LLC
DropCatch.com 489 LLC
DropCatch.com 490 LLC
DropCatch.com 491 LLC
DropCatch.com 492 LLC
DropCatch.com 493 LLC
DropCatch.com 494 LLC
DropCatch.com 495 LLC
DropCatch.com 496 LLC
DropCatch.com 497 LLC
DropCatch.com 498 LLC
DropCatch.com 499 LLC
DropCatch.com 500 LLC
DropCatch.com 501 LLC
DropCatch.com 502 LLC
DropCatch.com 503 LLC
DropCatch.com 504 LLC
DropCatch.com 505 LLC
DropCatch.com 506 LLC
DropCatch.com 507 LLC
DropCatch.com 508 LLC
DropCatch.com 509 LLC
DropCatch.com 510 LLC
DropCatch.com 511 LLC
DropCatch.com 512 LLC
DropCatch.com 513 LLC
DropCatch.com 514 LLC
DropCatch.com 515 LLC
DropCatch.com 516 LLC
DropCatch.com 517 LLC
DropCatch.com 518 LLC
DropCatch.com 519 LLC
DropCatch.com 520 LLC
DropCatch.com 521 LLC
DropCatch.com 522 LLC
DropCatch.com 523 LLC
DropCatch.com 524 LLC
DropCatch.com 525 LLC
DropCatch.com 526 LLC
DropCatch.com 527 LLC
DropCatch.com 528 LLC
DropCatch.com 529 LLC
DropCatch.com 530 LLC
DropCatch.com 531 LLC
DropCatch.com 532 LLC
DropCatch.com 533 LLC
DropCatch.com 534 LLC
DropCatch.com 535 LLC
DropCatch.com 536 LLC
DropCatch.com 537 LLC
DropCatch.com 538 LLC
DropCatch.com 539 LLC
DropCatch.com 540 LLC
DropCatch.com 541 LLC
DropCatch.com 542 LLC
DropCatch.com 543 LLC
DropCatch.com 544 LLC
DropCatch.com 545 LLC
DropCatch.com 546 LLC
DropCatch.com 547 LLC
DropCatch.com 548 LLC
DropCatch.com 549 LLC
DropCatch.com 550 LLC
DropCatch.com 551 LLC
DropCatch.com 552 LLC
DropCatch.com 553 LLC
DropCatch.com 554 LLC
DropCatch.com 555 LLC
DropCatch.com 556 LLC
DropCatch.com 557 LLC
DropCatch.com 558 LLC
DropCatch.com 559 LLC
DropCatch.com 560 LLC
DropCatch.com 561 LLC
DropCatch.com 562 LLC
DropCatch.com 563 LLC
DropCatch.com 564 LLC
DropCatch.com 565 LLC
DropCatch.com 566 LLC
DropCatch.com 567 LLC
DropCatch.com 568 LLC
DropCatch.com 569 LLC
DropCatch.com 570 LLC
DropCatch.com 571 LLC
DropCatch.com 572 LLC
DropCatch.com 573 LLC
DropCatch.com 574 LLC
DropCatch.com 575 LLC
DropCatch.com 576 LLC
DropCatch.com 577 LLC
DropCatch.com 578 LLC
DropCatch.com 579 LLC
DropCatch.com 580 LLC
DropCatch.com 581 LLC
DropCatch.com 582 LLC
DropCatch.com 583 LLC
DropCatch.com 584 LLC
DropCatch.com 585 LLC
DropCatch.com 586 LLC
DropCatch.com 587 LLC
DropCatch.com 588 LLC
DropCatch.com 589 LLC
DropCatch.com 590 LLC
DropCatch.com 591 LLC
DropCatch.com 592 LLC
DropCatch.com 593 LLC
DropCatch.com 594 LLC
DropCatch.com 595 LLC
DropCatch.com 596 LLC
DropCatch.com 597 LLC
DropCatch.com 598 LLC
DropCatch.com 599 LLC
DropCatch.com 600 LLC
DropCatch.com 601 LLC
DropCatch.com 602 LLC
DropCatch.com 603 LLC
DropCatch.com 604 LLC
DropCatch.com 605 LLC
DropCatch.com 606 LLC
DropCatch.com 607 LLC
DropCatch.com 608 LLC
DropCatch.com 609 LLC
DropCatch.com 610 LLC
DropCatch.com 611 LLC
DropCatch.com 612 LLC
DropCatch.com 613 LLC
DropCatch.com 614 LLC
DropCatch.com 615 LLC
DropCatch.com 616 LLC
DropCatch.com 617 LLC
DropCatch.com 618 LLC
DropCatch.com 619 LLC
DropCatch.com 620 LLC
DropCatch.com 621 LLC
DropCatch.com 622 LLC
DropCatch.com 623 LLC
DropCatch.com 624 LLC
DropCatch.com 625 LLC
DropCatch.com 626 LLC
DropCatch.com 627 LLC
DropCatch.com 628 LLC
DropCatch.com 629 LLC
DropCatch.com 630 LLC
DropCatch.com 631 LLC
DropCatch.com 632 LLC
DropCatch.com 633 LLC
DropCatch.com 634 LLC
DropCatch.com 635 LLC
DropCatch.com 636 LLC
DropCatch.com 637 LLC
DropCatch.com 638 LLC
DropCatch.com 639 LLC
DropCatch.com 640 LLC
DropCatch.com 641 LLC
DropCatch.com 642 LLC
DropCatch.com 643 LLC
DropCatch.com 644 LLC
DropCatch.com 645 LLC
DropCatch.com 646 LLC
DropCatch.com 647 LLC
DropCatch.com 648 LLC
DropCatch.com 649 LLC
DropCatch.com 650 LLC
DropCatch.com 651 LLC
DropCatch.com 652 LLC
DropCatch.com 653 LLC
DropCatch.com 654 LLC
DropCatch.com 655 LLC
DropCatch.com 656 LLC
DropCatch.com 657 LLC
DropCatch.com 658 LLC
DropCatch.com 659 LLC
DropCatch.com 660 LLC
DropCatch.com 661 LLC
DropCatch.com 662 LLC
DropCatch.com 663 LLC
DropCatch.com 664 LLC
DropCatch.com 665 LLC
DropCatch.com 666 LLC
DropCatch.com 667 LLC
DropCatch.com 668 LLC
DropCatch.com 669 LLC
DropCatch.com 670 LLC
DropCatch.com 671 LLC
DropCatch.com 672 LLC
DropCatch.com 673 LLC
DropCatch.com 674 LLC
DropCatch.com 675 LLC
DropCatch.com 676 LLC
DropCatch.com 677 LLC
DropCatch.com 678 LLC
DropCatch.com 679 LLC
DropCatch.com 680 LLC
DropCatch.com 681 LLC
DropCatch.com 682 LLC
DropCatch.com 683 LLC
DropCatch.com 684 LLC
DropCatch.com 685 LLC
DropCatch.com 686 LLC
DropCatch.com 687 LLC
DropCatch.com 688 LLC
DropCatch.com 689 LLC
DropCatch.com 690 LLC
DropCatch.com 691 LLC
DropCatch.com 692 LLC
DropCatch.com 693 LLC
DropCatch.com 694 LLC
DropCatch.com 695 LLC
DropCatch.com 696 LLC
DropCatch.com 697 LLC
DropCatch.com 698 LLC
DropCatch.com 699 LLC
DropCatch.com 700 LLC
DropCatch.com 701 LLC
DropCatch.com 702 LLC
DropCatch.com 703 LLC
DropCatch.com 704 LLC
DropCatch.com 705 LLC
DropCatch.com 706 LLC
DropCatch.com 707 LLC
DropCatch.com 708 LLC
DropCatch.com 709 LLC
DropCatch.com 710 LLC
DropCatch.com 711 LLC
DropCatch.com 712 LLC
DropCatch.com 713 LLC
DropCatch.com 714 LLC
DropCatch.com 715 LLC
DropCatch.com 716 LLC
DropCatch.com 717 LLC
DropCatch.com 718 LLC
DropCatch.com 719 LLC
DropCatch.com 720 LLC
DropCatch.com 721 LLC
DropCatch.com 722 LLC
DropCatch.com 723 LLC
DropCatch.com 724 LLC
DropCatch.com 725 LLC
DropCatch.com 726 LLC
DropCatch.com 727 LLC
DropCatch.com 728 LLC
DropCatch.com 729 LLC
DropCatch.com 730 LLC
DropCatch.com 731 LLC
DropCatch.com 732 LLC
DropCatch.com 733 LLC
DropCatch.com 734 LLC
DropCatch.com 735 LLC
DropCatch.com 736 LLC
DropCatch.com 737 LLC
DropCatch.com 738 LLC
DropCatch.com 739 LLC
DropCatch.com 740 LLC
DropCatch.com 741 LLC
DropCatch.com 742 LLC
DropCatch.com 743 LLC
DropCatch.com 744 LLC
DropCatch.com 745 LLC
Aquarius Domains, LLC
Big Dipper Domains, LLC
Bonzai Domains, LLC
ChocolateChipDomains, LLC
CloudBreakDomains, LLC
CloudNineDomain, LLC
Cool River Names, LLC
Desert Sand Domains, LLC
DomaintoOrder, LLC
EndeavourDomains, LLC
Fetch Registrar, LLC
Lionshare Domains, LLC
Lucky Elephant Domains, LLC
Magnate Domains, LLC
Nameselite, LLC
Namesourcedomains, LLC
New Order Domains, LLC
Noteworthydomains, LLC
Painted Pony Names, LLC
Pipeline Domains, LLC
Shining Star Domains, LLC
Sliceofheaven Domains, LLC
Tradewinds Names, LLC
White Alligator Domains, LLC
Wildzebradomains, LLC
Hongkong Domain Name Information Management Co., Ltd.
Cool Breeze Domains, LLC
Domain Name Origin, LLC
Domain Name Root, LLC
Easy Street Domains, LLC
Entrust Domains, LLC
Fair Trade Domains, LLC
Fine Grain Domains, LLC
Free Spirit Domains, LLC
Hang Ten Domains, LLC
Leatherneckdomains.com, LLC
Line Drive Domains, LLC
Magnolia Domains, LLC
Major League Domains, LLC
Pararescuedomains.com, LLC
Pink Elephant Domains, LLC
Ripcord Domains, LLC
Ripcurl Domains, LLC
Riptide Domains, LLC
Soaring Eagle Domains, LLC
Soldierofonedomains.com, LLC
Sourced Domains, LLC
Streamline Domains, LLC
Sugar Cube Domains, LLC
Tiger Shark Domains, LLC
Veritas Domains, LLC
White Rhino Domains, LLC
Wild Bunch Domains, LLC
Your Domain Casa, LLC
Fan Domains Ltd
Nexigen Digital Pty Ltd
Dynadot13 LLC
Dynadot14 LLC
Dynadot15 LLC
Dynadot16 LLC
Dynadot17 LLC
DNS Africa Ltd
Metaregistrar BV
Abraham Lincoln, LLC
Achilles 888, LLC
Annam, LLC
Apollo 888, LLC
Ares 888, LLC
Aristotle 888, LLC
Arthur Pendragon, LLC
Benjamin Franklin 888, LLC
Billy the Kid, LLC
Buddha, LLC
Charles Darwin, LLC
Confucius, LLC
Constantine the Great, LLC
Dainam, LLC
Dalai Lama, LLC
Eric the Red, LLC
Erwin Rommel, LLC
Galileo Galilei, LLC
Hercules 888, LLC
Isaac Newton, LLC
James Madison, LLC
Joan of Arc, LLC
Leif Ericson, LLC
Leonardo da Vinci, LLC
Leonidas, LLC
Mahatma Gandhi, LLC
Mailinh, LLC
Odysseus 888, LLC
Omni 888, LLC
Perseus 888, LLC
Peter the Great, LLC
Plato 888, LLC
Poseidon 888, LLC
Radu Damian, LLC
Ramses II, LLC
Richard the Lionheart 888, LLC
Maximus, LLC
Sir Lancelot du Lac, LLC
Socrates 888, LLC
Spartacus, LLC
Ad Valorem Domains, LLC
Alethia Domains, LLC
Baracuda Domains, LLC
Bonam Fortunam Domains, LLC
Deep Dive Domains, LLC
Domain Ala Carte, LLC
Domain Collage, LLC
Domain Esta Aqui, LLC
Domain Lifestyle, LLC
Domain Locale, LLC
Domain Original, LLC
Domaining Oro, LLC
Domains of Origin, LLC
Eagle Eye Domains, LLC
Ethos Domains, LLC
EZ Times Domains, LLC
Free Dive Domains, LLC
Glide Slope Domains, LLC
House of Domains, LLC
Lemon Shark Domains, LLC
Moon Shot Domains, LLC
Old Tyme Domains, LLC
Rally Cry Domains, LLC
Straight 8 Domains, LLC
V12 Domains, LLC
Tan Tran, LLC
Theseus 888, LLC
Thomas Edison, LLC
Thomas Jefferson, LLC
Titus 888, LLC
Vlad the Impaler, LLC
Wild Bill Hickok, LLC
William Wallace, LLC
Winston Churchill, LLC
Zeus 888, LLC
Excalibur, LLC
Green Destiny, LLC
Heavens Will, LLC
Honjo Masamune, LLC
Hrunting, LLC
Joyeuse, LLC
La Tizone, LLC
Stormbringer, LLC
Ulfberht, LLC
Zulfigar, LLC
Hosting Ukraine LLC
Pheenix 1, LLC
Pheenix 2, LLC
Pheenix 3, LLC
Pheenix 4, LLC
Pheenix 5, LLC
Pheenix 6, LLC
Pheenix 7, LLC
Pheenix 8, LLC
Pheenix 9, LLC
Pheenix 10, LLC
Pheenix 11, LLC
Pheenix 12, LLC
Pheenix 13, LLC
Pheenix 14, LLC
Pheenix 15, LLC
Pheenix 16, LLC
Pheenix 17, LLC
Pheenix 18, LLC
Pheenix 19, LLC
Pheenix 20, LLC
Pheenix 21, LLC
Pheenix 22, LLC
Pheenix 23, LLC
Pheenix 24, LLC
Pheenix 25, LLC
Pheenix 26, LLC
Pheenix 27, LLC
Pheenix 28, LLC
Pheenix 29, LLC
Pheenix 30, LLC
Pheenix 31, LLC
Pheenix 32, LLC
Pheenix 33, LLC
Pheenix 34, LLC
Pheenix 35, LLC
Pheenix 36, LLC
Pheenix 37, LLC
Pheenix 38, LLC
Pheenix 39, LLC
Pheenix 40, LLC
Pheenix 41, LLC
Pheenix 42, LLC
Pheenix 43, LLC
Pheenix 44, LLC
Pheenix 45, LLC
Pheenix 46, LLC
Pheenix 47, LLC
Pheenix 48, LLC
Pheenix 49, LLC
Pheenix 50, LLC
Pheenix 51, LLC
Pheenix 52, LLC
Pheenix 53, LLC
Pheenix 54, LLC
Pheenix 55, LLC
Pheenix 56, LLC
Pheenix 57, LLC
Pheenix 58, LLC
Pheenix 59, LLC
Pheenix 60, LLC
Pheenix 61, LLC
Pheenix 62, LLC
Pheenix 63, LLC
Pheenix 64, LLC
Pheenix 65, LLC
Pheenix 66, LLC
Pheenix 67, LLC
Pheenix 68, LLC
Pheenix 69, LLC
Pheenix 70, LLC
Pheenix 71, LLC
Pheenix 72, LLC
Pheenix 73, LLC
Pheenix 74, LLC
Pheenix 75, LLC
Pheenix 76, LLC
Pheenix 77, LLC
Pheenix 78, LLC
Pheenix 79, LLC
Pheenix 80, LLC
Pheenix 81, LLC
Pheenix 82, LLC
Pheenix 83, LLC
Pheenix 84, LLC
Pheenix 85, LLC
Pheenix 86, LLC
Pheenix 87, LLC
Pheenix 88, LLC
Pheenix 89, LLC
Pheenix 90, LLC
Pheenix 91, LLC
Pheenix 92, LLC
Pheenix 93, LLC
Pheenix 94, LLC
Pheenix 95, LLC
Pheenix 96, LLC
Pheenix 97, LLC
Pheenix 98, LLC
Pheenix 99, LLC
Pheenix 100, LLC
RegistrarSEC LLC
PlanetHoster Inc.
Brandma.co Limited
Hezhong Liancheng Beijing Technology Co., Ltd
Maoming QunYing Network Co., Ltd
Akamai Technologies, Inc.
Blue Hi Interconnect (Beijing) Technology Limited Company
Stichting Registrar of Last Resort Foundation
NameCamp Limited
Domain Research, LLC
SHENZHEN EIMS INFORMATION TECHNOLOGY CO., LTD
Ednit Software Private Limited
Internet Domain Service BS Corp
C T CORPORATION SYSTEM DBA Corsearch
Cloud Bamboo, LLC
Cloud Beauty, LLC
Cloud Boom, LLC
Cloud City, LLC
Cloud Diamond, LLC
Cloud Orchid, LLC
Cloud Plum, LLC
Cloud Seed, LLC
Cloud Shark, LLC
Cloud Sun, LLC
Cloud Super, LLC
Cloud System, LLC
Online Data Services Joint Stock Company
HongKong Di En Si International Co., Limited
DropCatch.com 746 LLC
DropCatch.com 747 LLC
DropCatch.com 748 LLC
DropCatch.com 749 LLC
DropCatch.com 750 LLC
DropCatch.com 751 LLC
DropCatch.com 752 LLC
DropCatch.com 753 LLC
DropCatch.com 754 LLC
DropCatch.com 755 LLC
DropCatch.com 756 LLC
DropCatch.com 757 LLC
DropCatch.com 758 LLC
DropCatch.com 759 LLC
DropCatch.com 760 LLC
DropCatch.com 761 LLC
DropCatch.com 762 LLC
DropCatch.com 763 LLC
DropCatch.com 764 LLC
DropCatch.com 765 LLC
DropCatch.com 766 LLC
DropCatch.com 767 LLC
DropCatch.com 768 LLC
DropCatch.com 769 LLC
DropCatch.com 770 LLC
DropCatch.com 771 LLC
DropCatch.com 772 LLC
DropCatch.com 773 LLC
DropCatch.com 774 LLC
DropCatch.com 775 LLC
DropCatch.com 776 LLC
DropCatch.com 777 LLC
DropCatch.com 778 LLC
DropCatch.com 779 LLC
DropCatch.com 780 LLC
DropCatch.com 781 LLC
DropCatch.com 782 LLC
DropCatch.com 783 LLC
DropCatch.com 784 LLC
DropCatch.com 785 LLC
DropCatch.com 786 LLC
DropCatch.com 787 LLC
DropCatch.com 788 LLC
DropCatch.com 789 LLC
DropCatch.com 790 LLC
DropCatch.com 791 LLC
DropCatch.com 792 LLC
DropCatch.com 793 LLC
DropCatch.com 794 LLC
DropCatch.com 795 LLC
DropCatch.com 796 LLC
DropCatch.com 797 LLC
DropCatch.com 798 LLC
DropCatch.com 799 LLC
DropCatch.com 800 LLC
DropCatch.com 801 LLC
DropCatch.com 802 LLC
DropCatch.com 803 LLC
DropCatch.com 804 LLC
DropCatch.com 805 LLC
DropCatch.com 806 LLC
DropCatch.com 807 LLC
DropCatch.com 808 LLC
DropCatch.com 809 LLC
DropCatch.com 810 LLC
DropCatch.com 811 LLC
DropCatch.com 812 LLC
DropCatch.com 813 LLC
DropCatch.com 814 LLC
DropCatch.com 815 LLC
DropCatch.com 816 LLC
DropCatch.com 817 LLC
DropCatch.com 818 LLC
DropCatch.com 819 LLC
DropCatch.com 820 LLC
DropCatch.com 821 LLC
DropCatch.com 822 LLC
DropCatch.com 823 LLC
DropCatch.com 824 LLC
DropCatch.com 825 LLC
DropCatch.com 826 LLC
DropCatch.com 827 LLC
DropCatch.com 828 LLC
DropCatch.com 829 LLC
DropCatch.com 830 LLC
DropCatch.com 831 LLC
DropCatch.com 832 LLC
DropCatch.com 833 LLC
DropCatch.com 834 LLC
DropCatch.com 835 LLC
DropCatch.com 836 LLC
DropCatch.com 837 LLC
DropCatch.com 838 LLC
DropCatch.com 839 LLC
DropCatch.com 840 LLC
DropCatch.com 841 LLC
DropCatch.com 842 LLC
DropCatch.com 843 LLC
DropCatch.com 844 LLC
DropCatch.com 845 LLC
DropCatch.com 846 LLC
DropCatch.com 847 LLC
DropCatch.com 848 LLC
DropCatch.com 849 LLC
DropCatch.com 850 LLC
DropCatch.com 851 LLC
DropCatch.com 852 LLC
DropCatch.com 853 LLC
DropCatch.com 854 LLC
DropCatch.com 855 LLC
DropCatch.com 856 LLC
DropCatch.com 857 LLC
DropCatch.com 858 LLC
DropCatch.com 859 LLC
DropCatch.com 860 LLC
DropCatch.com 861 LLC
DropCatch.com 862 LLC
DropCatch.com 863 LLC
DropCatch.com 864 LLC
DropCatch.com 865 LLC
DropCatch.com 866 LLC
DropCatch.com 867 LLC
DropCatch.com 868 LLC
DropCatch.com 869 LLC
DropCatch.com 870 LLC
DropCatch.com 871 LLC
DropCatch.com 872 LLC
DropCatch.com 873 LLC
DropCatch.com 874 LLC
DropCatch.com 875 LLC
DropCatch.com 876 LLC
DropCatch.com 877 LLC
DropCatch.com 878 LLC
DropCatch.com 879 LLC
DropCatch.com 880 LLC
DropCatch.com 881 LLC
DropCatch.com 882 LLC
DropCatch.com 883 LLC
DropCatch.com 884 LLC
DropCatch.com 885 LLC
DropCatch.com 886 LLC
DropCatch.com 887 LLC
DropCatch.com 888 LLC
DropCatch.com 889 LLC
DropCatch.com 890 LLC
DropCatch.com 891 LLC
DropCatch.com 892 LLC
DropCatch.com 893 LLC
DropCatch.com 894 LLC
DropCatch.com 895 LLC
DropCatch.com 896 LLC
DropCatch.com 897 LLC
DropCatch.com 898 LLC
DropCatch.com 899 LLC
DropCatch.com 900 LLC
DropCatch.com 901 LLC
DropCatch.com 902 LLC
DropCatch.com 903 LLC
DropCatch.com 904 LLC
DropCatch.com 905 LLC
DropCatch.com 906 LLC
DropCatch.com 907 LLC
DropCatch.com 908 LLC
DropCatch.com 909 LLC
DropCatch.com 910 LLC
DropCatch.com 911 LLC
DropCatch.com 912 LLC
DropCatch.com 913 LLC
DropCatch.com 914 LLC
DropCatch.com 915 LLC
DropCatch.com 916 LLC
DropCatch.com 917 LLC
DropCatch.com 918 LLC
DropCatch.com 919 LLC
DropCatch.com 920 LLC
DropCatch.com 921 LLC
DropCatch.com 922 LLC
DropCatch.com 923 LLC
DropCatch.com 924 LLC
DropCatch.com 925 LLC
DropCatch.com 926 LLC
DropCatch.com 927 LLC
DropCatch.com 928 LLC
DropCatch.com 929 LLC
DropCatch.com 930 LLC
DropCatch.com 931 LLC
DropCatch.com 932 LLC
DropCatch.com 933 LLC
DropCatch.com 934 LLC
DropCatch.com 935 LLC
DropCatch.com 936 LLC
DropCatch.com 937 LLC
DropCatch.com 938 LLC
DropCatch.com 939 LLC
DropCatch.com 940 LLC
DropCatch.com 941 LLC
DropCatch.com 942 LLC
DropCatch.com 943 LLC
DropCatch.com 944 LLC
DropCatch.com 945 LLC
DropCatch.com 946 LLC
DropCatch.com 947 LLC
DropCatch.com 948 LLC
DropCatch.com 949 LLC
DropCatch.com 950 LLC
DropCatch.com 951 LLC
DropCatch.com 952 LLC
DropCatch.com 953 LLC
DropCatch.com 954 LLC
DropCatch.com 955 LLC
DropCatch.com 956 LLC
DropCatch.com 957 LLC
DropCatch.com 958 LLC
DropCatch.com 959 LLC
DropCatch.com 960 LLC
DropCatch.com 961 LLC
DropCatch.com 962 LLC
DropCatch.com 963 LLC
DropCatch.com 964 LLC
DropCatch.com 965 LLC
DropCatch.com 966 LLC
DropCatch.com 967 LLC
DropCatch.com 968 LLC
DropCatch.com 969 LLC
DropCatch.com 970 LLC
DropCatch.com 971 LLC
DropCatch.com 972 LLC
DropCatch.com 973 LLC
DropCatch.com 974 LLC
DropCatch.com 975 LLC
DropCatch.com 976 LLC
DropCatch.com 977 LLC
DropCatch.com 978 LLC
DropCatch.com 979 LLC
DropCatch.com 980 LLC
DropCatch.com 981 LLC
DropCatch.com 982 LLC
DropCatch.com 983 LLC
DropCatch.com 984 LLC
DropCatch.com 985 LLC
DropCatch.com 986 LLC
DropCatch.com 987 LLC
DropCatch.com 988 LLC
DropCatch.com 989 LLC
DropCatch.com 990 LLC
DropCatch.com 991 LLC
DropCatch.com 992 LLC
DropCatch.com 993 LLC
DropCatch.com 994 LLC
DropCatch.com 995 LLC
DropCatch.com 996 LLC
DropCatch.com 997 LLC
DropCatch.com 998 LLC
DropCatch.com 999 LLC
DropCatch.com 1000 LLC
DropCatch.com 1001 LLC
DropCatch.com 1002 LLC
DropCatch.com 1003 LLC
DropCatch.com 1004 LLC
DropCatch.com 1005 LLC
DropCatch.com 1006 LLC
DropCatch.com 1007 LLC
DropCatch.com 1008 LLC
DropCatch.com 1009 LLC
DropCatch.com 1010 LLC
DropCatch.com 1011 LLC
DropCatch.com 1012 LLC
DropCatch.com 1013 LLC
DropCatch.com 1014 LLC
DropCatch.com 1015 LLC
DropCatch.com 1016 LLC
DropCatch.com 1017 LLC
DropCatch.com 1018 LLC
DropCatch.com 1019 LLC
DropCatch.com 1020 LLC
DropCatch.com 1021 LLC
DropCatch.com 1022 LLC
DropCatch.com 1023 LLC
DropCatch.com 1024 LLC
DropCatch.com 1025 LLC
DropCatch.com 1026 LLC
DropCatch.com 1027 LLC
DropCatch.com 1028 LLC
DropCatch.com 1029 LLC
DropCatch.com 1030 LLC
DropCatch.com 1031 LLC
DropCatch.com 1032 LLC
DropCatch.com 1033 LLC
DropCatch.com 1034 LLC
DropCatch.com 1035 LLC
DropCatch.com 1036 LLC
DropCatch.com 1037 LLC
DropCatch.com 1038 LLC
DropCatch.com 1039 LLC
DropCatch.com 1040 LLC
DropCatch.com 1041 LLC
DropCatch.com 1042 LLC
DropCatch.com 1043 LLC
DropCatch.com 1044 LLC
DropCatch.com 1045 LLC
Zhengzhou Century Connect Electronic Technology Development Co., Ltd
All Domains LLC
Backstop Names LLC
Best Drop Names LLC
Blue Angel Domains LLC
Bounce Pass Domains LLC
Catch Deleting Names LLC
Catch Domains LLC
Chipshot Domains LLC
Circle of Domains LLC
Copper Domain Names LLC
Coral Reef Domains LLC
Curveball Domains LLC
Deep Sea Domains LLC
Deep Water Domains LLC
Deleting Name Zone LLC
Domain Bazaar LLC
Domain Gold Zone LLC
Domain Grabber LLC
Domain Landing Zone LLC
Domain Pickup LLC
Domain Secure LLC
Domain Source LLC
Domain Stopover LLC
Domain Success LLC
Domaincatcher LLC
Domaincircle LLC
Domaindrop LLC
Domainer Names LLC
Domainplace LLC
Domains Etc LLC
Domains Express LLC
Domainshop LLC
Domainsnapper LLC
Draftpick Domains LLC
Drop Catch Mining LLC
Dropcatch Auction LLC
Dropcatch Landing Spot LLC
Dropcatch Marketplace LLC
Dropcatching Names LLC
Exclusive Domain Find LLC
Fastball Domains LLC
Firstround Names LLC
Free Drop Zone LLC
Freefall Domains LLC
Gold Domain Names LLC
Goldenfind Domains LLC
Goldmine Domains LLC
Goto Domains LLC
Hanging Curve Domains LLC
Iconicnames LLC
Jumpshot Domains LLC
Layup Domains LLC
Long Drive Domains LLC
Millennial Names LLC
Meganames LLC
Name Connection Area LLC
Name Connection Spot LLC
Name Find Source LLC
Name Icon LLC
Namecatch LLC
Namecatch Zone LLC
Namegrab LLC
Names Express LLC
Names On The Drop LLC
Names Stop Here LLC
Namesaplenty LLC
Namesnap LLC
NameSnapper LLC
Namesource LLC
Namestop LLC
Namewinner LLC
Rare Gem Domains LLC
Secondround Names LLC
Sharkweek Domains LLC
Silver Domain Names LLC
Slamdunk Domains LLC
Slow Motion Domains LLC
Slow Putt Domains LLC
Snag Your Name LLC
Snapsource LLC
Sterling Domains LLC
Swordfish Domains LLC
Targeted Drop Catch LLC
The Domains LLC
Thirdroundnames LLC
Threepoint Domains LLC
Top Level Domains LLC
Top Pick Names LLC
Top Shelf Domains LLC
Top Tier Domains LLC
Touchdown Domains LLC
Treasure Trove Domains LLC
Turbonames LLC
Victorynames LLC
Wide Left Domains LLC
Wide Right Domains LLC
Win Names LLC
Your Domain LLC
Zinc Domain Names LLC
Zone of Domains LLC
Protocol Internet Technology Limited T/A Hosting Ireland
Zhong Yu Network Technology Company Limited
Beijing HuaRui Wireless Technology Co., Ltd
PierX, Inc
Beijing Brandma International Networking Technology Ltd.
Nakazawa Trading Co.,Ltd.
Dominion Domains, LLC
Xiamen Xin click Network Group Co.,Ltd
Hangzhou Midaizi Network Co., Ltd.
Aiming Limited
NetZone AG
Camelot 1, LLC
Camelot 2, LLC
Camelot 3, LLC
Camelot 4, LLC
Camelot 5, LLC
Camelot 6, LLC
Camelot 7, LLC
Camelot 8, LLC
Camelot 9, LLC
Camelot 10, LLC
Camelot 11, LLC
Camelot 12, LLC
Camelot 13, LLC
Camelot 14, LLC
Camelot 15, LLC
Camelot 16, LLC
Camelot 17, LLC
Camelot 18, LLC
Camelot 19, LLC
Camelot 20, LLC
Camelot 21, LLC
Camelot 22, LLC
Camelot 23, LLC
Camelot 24, LLC
Camelot 25, LLC
Camelot 26, LLC
Camelot 27, LLC
Camelot 28, LLC
Camelot 29, LLC
Camelot 30, LLC
Camelot 31, LLC
Camelot 32, LLC
Camelot 33, LLC
Camelot 34, LLC
Camelot 35, LLC
Camelot 36, LLC
Camelot 37, LLC
Camelot 38, LLC
Camelot 39, LLC
Camelot 40, LLC
Camelot 41, LLC
Camelot 42 888, LLC
Camelot 43, LLC
Camelot 44, LLC
Camelot 45, LLC
Camelot 46, LLC
Camelot 47, LLC
Camelot 48, LLC
Camelot 49, LLC
Camelot 50, LLC
Camelot 51, LLC
Camelot 52, LLC
Camelot 53, LLC
Camelot 54, LLC
Camelot 55, LLC
Camelot 56, LLC
Camelot 57, LLC
Camelot 58, LLC
Camelot 59, LLC
Camelot 60, LLC
Camelot 61, LLC
Camelot 62, LLC
Camelot 63, LLC
Camelot 64, LLC
Camelot 65, LLC
Camelot 66, LLC
Camelot 67, LLC
Camelot 68, LLC
Camelot 69, LLC
Camelot 70, LLC
Camelot 71, LLC
Camelot 72, LLC
Camelot 73, LLC
Camelot 74, LLC
Camelot 75, LLC
Camelot 76, LLC
Camelot 77, LLC
Camelot 78, LLC
Camelot 79, LLC
Camelot 80, LLC
Camelot 81, LLC
Camelot 82, LLC
Camelot 83, LLC
Camelot 84, LLC
Camelot 85, LLC
Camelot 86, LLC
Camelot 87, LLC
Camelot 88, LLC
Camelot 89, LLC
Camelot 90, LLC
Camelot 91, LLC
Camelot 92, LLC
Camelot 93, LLC
Camelot 94, LLC
Camelot 95, LLC
Camelot 96, LLC
Camelot 97, LLC
Camelot 98, LLC
Camelot 99, LLC
Camelot 100, LLC
Everest 1, LLC
Everest 2, LLC
Everest 3, LLC
Everest 4, LLC
Everest 5, LLC
Everest 6, LLC
Everest 7, LLC
Everest 8, LLC
Everest 9, LLC
Everest 10, LLC
Everest 11, LLC
Everest 12, LLC
Everest 13, LLC
Everest 14, LLC
Everest 15, LLC
Everest 16, LLC
Everest 17, LLC
Everest 18, LLC
Everest 19, LLC
Everest 20, LLC
Everest 21, LLC
Everest 22, LLC
Everest 23, LLC
Everest 24, LLC
Everest 25, LLC
Everest 26, LLC
Everest 27, LLC
Everest 28, LLC
Everest 29, LLC
Everest 30, LLC
Everest 31, LLC
Everest 32, LLC
Everest 33, LLC
Everest 34, LLC
Everest 35, LLC
Everest 36, LLC
Everest 37, LLC
Everest 38, LLC
Everest 39, LLC
Everest 40, LLC
Everest 41, LLC
Everest 42, LLC
Everest 43, LLC
Everest 44, LLC
Everest 45, LLC
Everest 46, LLC
Everest 47, LLC
Everest 48, LLC
Everest 49, LLC
Everest 50, LLC
Everest 51, LLC
Everest 52, LLC
Everest 53, LLC
Everest 54, LLC
Everest 55, LLC
Everest 56, LLC
Everest 57, LLC
Everest 58, LLC
Everest 59, LLC
Everest 60, LLC
Everest 61, LLC
Everest 62, LLC
Everest 63, LLC
Everest 64, LLC
Everest 65, LLC
Everest 66, LLC
Everest 67, LLC
Everest 68, LLC
Everest 69, LLC
Everest 70, LLC
Everest 71, LLC
Everest 72, LLC
Everest 73, LLC
Everest 74, LLC
Everest 75, LLC
Everest 76, LLC
Everest 77, LLC
Everest 78, LLC
Everest 79, LLC
Everest 80, LLC
Everest 81, LLC
Everest 82, LLC
Everest 83, LLC
Everest 84, LLC
Everest 85, LLC
Everest 86, LLC
Everest 87, LLC
Everest 88, LLC
Everest 89, LLC
Everest 90, LLC
Everest 91, LLC
Everest 92, LLC
Everest 93, LLC
Everest 94, LLC
Everest 95, LLC
Everest 96, LLC
Everest 97, LLC
Everest 98, LLC
Everest 99, LLC
Everest 100, LLC
Nimzo 1, LLC
Nimzo 2, LLC
Nimzo 3, LLC
Nimzo 4, LLC
Nimzo 5, LLC
Nimzo 6, LLC
Nimzo 7, LLC
Nimzo 8, LLC
Nimzo 9, LLC
Nimzo 10, LLC
Nimzo 11, LLC
Nimzo 12, LLC
Nimzo 13, LLC
Nimzo 14, LLC
Nimzo 15, LLC
Nimzo 16, LLC
Nimzo 17, LLC
Nimzo 18, LLC
Nimzo 19, LLC
Nimzo 20, LLC
Nimzo 21, LLC
Nimzo 22, LLC
Nimzo 23, LLC
Nimzo 24, LLC
Nimzo 25, LLC
Nimzo 26, LLC
Nimzo 27, LLC
Nimzo 28, LLC
Nimzo 29, LLC
Nimzo 30, LLC
Nimzo 31, LLC
Nimzo 32, LLC
Nimzo 33, LLC
Nimzo 34, LLC
Nimzo 35, LLC
Nimzo 36, LLC
Nimzo 37, LLC
Nimzo 38, LLC
Nimzo 39, LLC
Nimzo 40, LLC
Nimzo 41, LLC
Nimzo 42, LLC
Nimzo 43, LLC
Nimzo 44, LLC
Nimzo 45, LLC
Nimzo 46, LLC
Nimzo 47, LLC
Nimzo 48, LLC
Nimzo 49, LLC
Nimzo 50, LLC
Nimzo 51, LLC
Nimzo 52, LLC
Nimzo 53, LLC
Nimzo 54, LLC
Nimzo 55, LLC
Nimzo 56, LLC
Nimzo 57, LLC
Nimzo 58, LLC
Nimzo 59, LLC
Nimzo 60, LLC
Nimzo 61, LLC
Nimzo 62, LLC
Nimzo 63, LLC
Nimzo 64, LLC
Nimzo 65, LLC
Nimzo 66, LLC
Nimzo 67, LLC
Nimzo 68, LLC
Nimzo 69, LLC
Nimzo 70, LLC
Nimzo 71, LLC
Nimzo 72, LLC
Nimzo 73, LLC
Nimzo 74, LLC
Nimzo 75, LLC
Nimzo 76, LLC
Nimzo 77, LLC
Nimzo 78, LLC
Nimzo 79, LLC
Nimzo 80, LLC
Nimzo 81, LLC
Nimzo 82, LLC
Nimzo 83, LLC
Nimzo 84, LLC
Nimzo 85, LLC
Nimzo 86, LLC
Nimzo 87, LLC
Nimzo 88, LLC
Nimzo 89, LLC
Nimzo 90, LLC
Nimzo 91, LLC
Nimzo 92, LLC
Nimzo 93, LLC
Nimzo 94, LLC
Nimzo 95, LLC
Nimzo 96, LLC
Nimzo 97, LLC
Nimzo 98, LLC
Nimzo 99, LLC
Nimzo 100, LLC
Zhengzhou Business Technology Co., Ltd.
Swizzonic Ltd.
Overcasts Limited
Domainipr Limited
Xiamen Booksir Qiyoutong Technology Co., Ltd.
Registrator Domenov LLC
Knet Registrar Co., Ltd
PE Overseas Limited
EJEE Group Beijing Limited
Jiangxi Nanshi Information Service Company Limited
Aboss Technology Limited
Domraider SAS
HLJ E-Link Network Co., Ltd
Xiamen Yuwang Technology Co., LTD
Beijing Baidu Netcom Science Technology Co., Ltd.
iNET CORPORATION
Focus IP, dba AppDetex
RegistrarTrust, LLC
RegistrarSafe, LLC
Rabbitsfoot.com LLC d/b/a Oxygen.nyc
Infomaniak Network SA
Xiamen Mimei Technology Co., Ltd.
WingNames Co., Ltd.
Sky Clear Co., Ltd.
Dai Nippon Joho System Co., Ltd.
Arcanes Technologies
Reliable Software
DDD TECHNOLOGY PTE. LTD.
Marine Domains, LLC
Host SpA
Shenzhen Digital Assets Exchange Information Technology Co., Ltd
DOMAIN ORIENTAL LIMITED
DigitalCandy, Inc.
CNOBIN INFORMATION TECHNOLOGY LIMITED
DropCatch.com 1046 LLC
DropCatch.com 1047 LLC
DropCatch.com 1048 LLC
DropCatch.com 1049 LLC
DropCatch.com 1050 LLC
DropCatch.com 1051 LLC
DropCatch.com 1052 LLC
DropCatch.com 1053 LLC
DropCatch.com 1054 LLC
DropCatch.com 1055 LLC
DropCatch.com 1056 LLC
DropCatch.com 1057 LLC
DropCatch.com 1058 LLC
DropCatch.com 1059 LLC
DropCatch.com 1060 LLC
DropCatch.com 1061 LLC
DropCatch.com 1062 LLC
DropCatch.com 1063 LLC
DropCatch.com 1064 LLC
DropCatch.com 1065 LLC
DropCatch.com 1066 LLC
DropCatch.com 1067 LLC
DropCatch.com 1068 LLC
DropCatch.com 1069 LLC
DropCatch.com 1070 LLC
DropCatch.com 1071 LLC
DropCatch.com 1072 LLC
DropCatch.com 1073 LLC
DropCatch.com 1074 LLC
DropCatch.com 1075 LLC
DropCatch.com 1076 LLC
DropCatch.com 1077 LLC
DropCatch.com 1078 LLC
DropCatch.com 1079 LLC
DropCatch.com 1080 LLC
DropCatch.com 1081 LLC
DropCatch.com 1082 LLC
DropCatch.com 1083 LLC
DropCatch.com 1084 LLC
DropCatch.com 1085 LLC
DropCatch.com 1086 LLC
DropCatch.com 1087 LLC
DropCatch.com 1088 LLC
DropCatch.com 1089 LLC
DropCatch.com 1090 LLC
DropCatch.com 1091 LLC
DropCatch.com 1092 LLC
DropCatch.com 1093 LLC
DropCatch.com 1094 LLC
DropCatch.com 1095 LLC
DropCatch.com 1096 LLC
DropCatch.com 1097 LLC
DropCatch.com 1098 LLC
DropCatch.com 1099 LLC
DropCatch.com 1100 LLC
DropCatch.com 1101 LLC
DropCatch.com 1102 LLC
DropCatch.com 1103 LLC
DropCatch.com 1104 LLC
DropCatch.com 1105 LLC
DropCatch.com 1106 LLC
DropCatch.com 1107 LLC
DropCatch.com 1108 LLC
DropCatch.com 1109 LLC
DropCatch.com 1110 LLC
DropCatch.com 1111 LLC
DropCatch.com 1112 LLC
DropCatch.com 1113 LLC
DropCatch.com 1114 LLC
DropCatch.com 1115 LLC
DropCatch.com 1116 LLC
DropCatch.com 1117 LLC
DropCatch.com 1118 LLC
DropCatch.com 1119 LLC
DropCatch.com 1120 LLC
DropCatch.com 1121 LLC
DropCatch.com 1122 LLC
DropCatch.com 1123 LLC
DropCatch.com 1124 LLC
DropCatch.com 1125 LLC
DropCatch.com 1126 LLC
DropCatch.com 1127 LLC
DropCatch.com 1128 LLC
DropCatch.com 1129 LLC
DropCatch.com 1130 LLC
DropCatch.com 1131 LLC
DropCatch.com 1132 LLC
DropCatch.com 1133 LLC
DropCatch.com 1134 LLC
DropCatch.com 1135 LLC
DropCatch.com 1136 LLC
DropCatch.com 1137 LLC
DropCatch.com 1138 LLC
DropCatch.com 1139 LLC
DropCatch.com 1140 LLC
DropCatch.com 1141 LLC
DropCatch.com 1142 LLC
DropCatch.com 1143 LLC
DropCatch.com 1144 LLC
DropCatch.com 1145 LLC
DropCatch.com 1146 LLC
DropCatch.com 1147 LLC
DropCatch.com 1148 LLC
DropCatch.com 1149 LLC
DropCatch.com 1150 LLC
DropCatch.com 1151 LLC
DropCatch.com 1152 LLC
DropCatch.com 1153 LLC
DropCatch.com 1154 LLC
DropCatch.com 1155 LLC
DropCatch.com 1156 LLC
DropCatch.com 1157 LLC
DropCatch.com 1158 LLC
DropCatch.com 1159 LLC
DropCatch.com 1160 LLC
DropCatch.com 1161 LLC
DropCatch.com 1162 LLC
DropCatch.com 1163 LLC
DropCatch.com 1164 LLC
DropCatch.com 1165 LLC
DropCatch.com 1166 LLC
DropCatch.com 1167 LLC
DropCatch.com 1168 LLC
DropCatch.com 1169 LLC
DropCatch.com 1170 LLC
DropCatch.com 1171 LLC
DropCatch.com 1172 LLC
DropCatch.com 1173 LLC
DropCatch.com 1174 LLC
DropCatch.com 1175 LLC
DropCatch.com 1176 LLC
DropCatch.com 1177 LLC
DropCatch.com 1178 LLC
DropCatch.com 1179 LLC
DropCatch.com 1180 LLC
DropCatch.com 1181 LLC
DropCatch.com 1182 LLC
DropCatch.com 1183 LLC
DropCatch.com 1184 LLC
DropCatch.com 1185 LLC
DropCatch.com 1186 LLC
DropCatch.com 1187 LLC
DropCatch.com 1188 LLC
DropCatch.com 1189 LLC
DropCatch.com 1190 LLC
DropCatch.com 1191 LLC
DropCatch.com 1192 LLC
DropCatch.com 1193 LLC
DropCatch.com 1194 LLC
DropCatch.com 1195 LLC
DropCatch.com 1196 LLC
DropCatch.com 1197 LLC
DropCatch.com 1198 LLC
DropCatch.com 1199 LLC
DropCatch.com 1200 LLC
DropCatch.com 1201 LLC
DropCatch.com 1202 LLC
DropCatch.com 1203 LLC
DropCatch.com 1204 LLC
DropCatch.com 1205 LLC
DropCatch.com 1206 LLC
DropCatch.com 1207 LLC
DropCatch.com 1208 LLC
DropCatch.com 1209 LLC
DropCatch.com 1210 LLC
DropCatch.com 1211 LLC
DropCatch.com 1212 LLC
DropCatch.com 1213 LLC
DropCatch.com 1214 LLC
DropCatch.com 1215 LLC
DropCatch.com 1216 LLC
DropCatch.com 1217 LLC
DropCatch.com 1218 LLC
DropCatch.com 1219 LLC
DropCatch.com 1220 LLC
DropCatch.com 1221 LLC
DropCatch.com 1222 LLC
DropCatch.com 1223 LLC
DropCatch.com 1224 LLC
DropCatch.com 1225 LLC
DropCatch.com 1226 LLC
DropCatch.com 1227 LLC
DropCatch.com 1228 LLC
DropCatch.com 1229 LLC
DropCatch.com 1230 LLC
DropCatch.com 1231 LLC
DropCatch.com 1232 LLC
DropCatch.com 1233 LLC
DropCatch.com 1234 LLC
DropCatch.com 1235 LLC
DropCatch.com 1236 LLC
DropCatch.com 1237 LLC
DropCatch.com 1238 LLC
DropCatch.com 1239 LLC
DropCatch.com 1240 LLC
DropCatch.com 1241 LLC
DropCatch.com 1242 LLC
DropCatch.com 1243 LLC
DropCatch.com 1244 LLC
DropCatch.com 1245 LLC
DropCatch.com 1246 LLC
DropCatch.com 1247 LLC
DropCatch.com 1248 LLC
DropCatch.com 1249 LLC
DropCatch.com 1250 LLC
DropCatch.com 1251 LLC
DropCatch.com 1252 LLC
DropCatch.com 1253 LLC
DropCatch.com 1254 LLC
DropCatch.com 1255 LLC
DropCatch.com 1256 LLC
DropCatch.com 1257 LLC
DropCatch.com 1258 LLC
DropCatch.com 1259 LLC
DropCatch.com 1260 LLC
DropCatch.com 1261 LLC
DropCatch.com 1262 LLC
DropCatch.com 1263 LLC
DropCatch.com 1264 LLC
DropCatch.com 1265 LLC
DropCatch.com 1266 LLC
DropCatch.com 1267 LLC
DropCatch.com 1268 LLC
DropCatch.com 1269 LLC
DropCatch.com 1270 LLC
DropCatch.com 1271 LLC
DropCatch.com 1272 LLC
DropCatch.com 1273 LLC
DropCatch.com 1274 LLC
DropCatch.com 1275 LLC
DropCatch.com 1276 LLC
DropCatch.com 1277 LLC
DropCatch.com 1278 LLC
DropCatch.com 1279 LLC
DropCatch.com 1280 LLC
DropCatch.com 1281 LLC
DropCatch.com 1282 LLC
DropCatch.com 1283 LLC
DropCatch.com 1284 LLC
DropCatch.com 1285 LLC
DropCatch.com 1286 LLC
DropCatch.com 1287 LLC
DropCatch.com 1288 LLC
DropCatch.com 1289 LLC
DropCatch.com 1290 LLC
DropCatch.com 1291 LLC
DropCatch.com 1292 LLC
DropCatch.com 1293 LLC
DropCatch.com 1294 LLC
DropCatch.com 1295 LLC
DropCatch.com 1296 LLC
DropCatch.com 1297 LLC
DropCatch.com 1298 LLC
DropCatch.com 1299 LLC
DropCatch.com 1300 LLC
DropCatch.com 1301 LLC
DropCatch.com 1302 LLC
DropCatch.com 1303 LLC
DropCatch.com 1304 LLC
DropCatch.com 1305 LLC
DropCatch.com 1306 LLC
DropCatch.com 1307 LLC
DropCatch.com 1308 LLC
DropCatch.com 1309 LLC
DropCatch.com 1310 LLC
DropCatch.com 1311 LLC
DropCatch.com 1312 LLC
DropCatch.com 1313 LLC
DropCatch.com 1314 LLC
DropCatch.com 1315 LLC
DropCatch.com 1316 LLC
DropCatch.com 1317 LLC
DropCatch.com 1318 LLC
DropCatch.com 1319 LLC
DropCatch.com 1320 LLC
DropCatch.com 1321 LLC
DropCatch.com 1322 LLC
DropCatch.com 1323 LLC
DropCatch.com 1324 LLC
DropCatch.com 1325 LLC
DropCatch.com 1326 LLC
DropCatch.com 1327 LLC
DropCatch.com 1328 LLC
DropCatch.com 1329 LLC
DropCatch.com 1330 LLC
DropCatch.com 1331 LLC
DropCatch.com 1332 LLC
DropCatch.com 1333 LLC
DropCatch.com 1334 LLC
DropCatch.com 1335 LLC
DropCatch.com 1336 LLC
DropCatch.com 1337 LLC
DropCatch.com 1338 LLC
DropCatch.com 1339 LLC
DropCatch.com 1340 LLC
DropCatch.com 1341 LLC
DropCatch.com 1342 LLC
DropCatch.com 1343 LLC
DropCatch.com 1344 LLC
DropCatch.com 1345 LLC
DropCatch.com 1346 LLC
DropCatch.com 1347 LLC
DropCatch.com 1348 LLC
DropCatch.com 1349 LLC
DropCatch.com 1350 LLC
DropCatch.com 1351 LLC
DropCatch.com 1352 LLC
DropCatch.com 1353 LLC
DropCatch.com 1354 LLC
DropCatch.com 1355 LLC
DropCatch.com 1356 LLC
DropCatch.com 1357 LLC
DropCatch.com 1358 LLC
DropCatch.com 1359 LLC
DropCatch.com 1360 LLC
DropCatch.com 1361 LLC
DropCatch.com 1362 LLC
DropCatch.com 1363 LLC
DropCatch.com 1364 LLC
DropCatch.com 1365 LLC
DropCatch.com 1366 LLC
DropCatch.com 1367 LLC
DropCatch.com 1368 LLC
DropCatch.com 1369 LLC
DropCatch.com 1370 LLC
DropCatch.com 1371 LLC
DropCatch.com 1372 LLC
DropCatch.com 1373 LLC
DropCatch.com 1374 LLC
DropCatch.com 1375 LLC
DropCatch.com 1376 LLC
DropCatch.com 1377 LLC
DropCatch.com 1378 LLC
DropCatch.com 1379 LLC
DropCatch.com 1380 LLC
DropCatch.com 1381 LLC
DropCatch.com 1382 LLC
DropCatch.com 1383 LLC
DropCatch.com 1384 LLC
DropCatch.com 1385 LLC
DropCatch.com 1386 LLC
DropCatch.com 1387 LLC
DropCatch.com 1388 LLC
DropCatch.com 1389 LLC
DropCatch.com 1390 LLC
DropCatch.com 1391 LLC
DropCatch.com 1392 LLC
DropCatch.com 1393 LLC
DropCatch.com 1394 LLC
DropCatch.com 1395 LLC
DropCatch.com 1396 LLC
DropCatch.com 1397 LLC
DropCatch.com 1398 LLC
DropCatch.com 1399 LLC
DropCatch.com 1400 LLC
DropCatch.com 1401 LLC
DropCatch.com 1402 LLC
DropCatch.com 1403 LLC
DropCatch.com 1404 LLC
DropCatch.com 1405 LLC
DropCatch.com 1406 LLC
DropCatch.com 1407 LLC
DropCatch.com 1408 LLC
DropCatch.com 1409 LLC
DropCatch.com 1410 LLC
DropCatch.com 1411 LLC
DropCatch.com 1412 LLC
DropCatch.com 1413 LLC
DropCatch.com 1414 LLC
DropCatch.com 1415 LLC
DropCatch.com 1416 LLC
DropCatch.com 1417 LLC
DropCatch.com 1418 LLC
DropCatch.com 1419 LLC
DropCatch.com 1420 LLC
DropCatch.com 1421 LLC
DropCatch.com 1422 LLC
DropCatch.com 1423 LLC
DropCatch.com 1424 LLC
DropCatch.com 1425 LLC
DropCatch.com 1426 LLC
DropCatch.com 1427 LLC
DropCatch.com 1428 LLC
DropCatch.com 1429 LLC
DropCatch.com 1430 LLC
DropCatch.com 1431 LLC
DropCatch.com 1432 LLC
DropCatch.com 1433 LLC
DropCatch.com 1434 LLC
DropCatch.com 1435 LLC
DropCatch.com 1436 LLC
DropCatch.com 1437 LLC
DropCatch.com 1438 LLC
DropCatch.com 1439 LLC
DropCatch.com 1440 LLC
DropCatch.com 1441 LLC
DropCatch.com 1442 LLC
DropCatch.com 1443 LLC
DropCatch.com 1444 LLC
DropCatch.com 1445 LLC
DropCatch.com 1446 LLC
DropCatch.com 1447 LLC
DropCatch.com 1448 LLC
DropCatch.com 1449 LLC
DropCatch.com 1450 LLC
DropCatch.com 1451 LLC
DropCatch.com 1452 LLC
DropCatch.com 1453 LLC
DropCatch.com 1454 LLC
DropCatch.com 1455 LLC
DropCatch.com 1456 LLC
DropCatch.com 1457 LLC
DropCatch.com 1458 LLC
DropCatch.com 1459 LLC
DropCatch.com 1460 LLC
DropCatch.com 1461 LLC
DropCatch.com 1462 LLC
DropCatch.com 1463 LLC
DropCatch.com 1464 LLC
DropCatch.com 1465 LLC
DropCatch.com 1466 LLC
DropCatch.com 1467 LLC
DropCatch.com 1468 LLC
DropCatch.com 1469 LLC
DropCatch.com 1470 LLC
DropCatch.com 1471 LLC
DropCatch.com 1472 LLC
DropCatch.com 1473 LLC
DropCatch.com 1474 LLC
DropCatch.com 1475 LLC
DropCatch.com 1476 LLC
DropCatch.com 1477 LLC
DropCatch.com 1478 LLC
DropCatch.com 1479 LLC
DropCatch.com 1480 LLC
DropCatch.com 1481 LLC
DropCatch.com 1482 LLC
DropCatch.com 1483 LLC
DropCatch.com 1484 LLC
DropCatch.com 1485 LLC
DropCatch.com 1486 LLC
DropCatch.com 1487 LLC
DropCatch.com 1488 LLC
DropCatch.com 1489 LLC
DropCatch.com 1490 LLC
DropCatch.com 1491 LLC
DropCatch.com 1492 LLC
DropCatch.com 1493 LLC
DropCatch.com 1494 LLC
DropCatch.com 1495 LLC
DropCatch.com 1496 LLC
DropCatch.com 1497 LLC
DropCatch.com 1498 LLC
DropCatch.com 1499 LLC
DropCatch.com 1500 LLC
DropCatch.com 1501 LLC
DropCatch.com 1502 LLC
DropCatch.com 1503 LLC
DropCatch.com 1504 LLC
DropCatch.com 1505 LLC
DropCatch.com 1506 LLC
DropCatch.com 1507 LLC
DropCatch.com 1508 LLC
DropCatch.com 1509 LLC
DropCatch.com 1510 LLC
DropCatch.com 1511 LLC
DropCatch.com 1512 LLC
DropCatch.com 1513 LLC
DropCatch.com 1514 LLC
DropCatch.com 1515 LLC
DropCatch.com 1516 LLC
DropCatch.com 1517 LLC
DropCatch.com 1518 LLC
DropCatch.com 1519 LLC
DropCatch.com 1520 LLC
DropCatch.com 1521 LLC
DropCatch.com 1522 LLC
DropCatch.com 1523 LLC
DropCatch.com 1524 LLC
DropCatch.com 1525 LLC
DropCatch.com 1526 LLC
DropCatch.com 1527 LLC
DropCatch.com 1528 LLC
DropCatch.com 1529 LLC
DropCatch.com 1530 LLC
DropCatch.com 1531 LLC
DropCatch.com 1532 LLC
DropCatch.com 1533 LLC
DropCatch.com 1534 LLC
DropCatch.com 1535 LLC
DropCatch.com 1536 LLC
DropCatch.com 1537 LLC
DropCatch.com 1538 LLC
DropCatch.com 1539 LLC
DropCatch.com 1540 LLC
DropCatch.com 1541 LLC
DropCatch.com 1542 LLC
DropCatch.com 1543 LLC
DropCatch.com 1544 LLC
DropCatch.com 1545 LLC
Tencent Cloud Computing (Beijing) Limited Liability Company
SHANGHAI XIAOLAN NETWORK TECHNOLOGY CO., LTD.
Digivity B.V.
Hefei Juming Network Technology Co., Ltd
Mfro Inc.
Ten Network Technology Limited
WangJu Brands Management Co., Ltd.
Hainan Universal Technology Co., Ltd
Fuzhou Zhongxu Network Technology Co., Ltd.
Xiamen Digital Engine Network Technology Co., Ltd
NICENIC INTERNATIONAL GROUP CO., LIMITED
SHENZHEN DOMAINSTAR TECHNOLOGY CO., LIMITED
JIANGSU CHENGFUTONG NETWORK TECHNOLOGY CO., LTD.
First Alliance Group Ltd T/A Netclues Inc
Shanghai UCloud Information Technology Co., Ltd.
SUPER DATA CO., LTD
Domain Best Limited
Cheap Domains Pte Ltd.
PT Biznet GIO Nusantara
IPIP INC.
ALIBABA.COM SINGAPORE E-COMMERCE PRIVATE LIMITED
Barbero & Associates Limited
Hangzhou MarkSmile Technology Co., Ltd
Nanjing EDNS Technology Limited
Knipp Medien und Kommunikation GmbH
Webveloper Inc.
Beijing Aidi Tong Lian Technology, LLC
HONG KONG HUBU INTERNATIONAL INVESTMENT AND DEVELOPMENT COMPANY LIMITED
ZYSM Technologies Limited
Wolfe Domain, LLC dba Dot Brand Registrar Services
AC Webconnecting N.V. DBA domain.cam
GoDaddy Corporate Domains, LLC
RegistrarBrand, LLC
RegistrarGuard, LLC
RegistrarSecure, LLC
Shenzhen Domain Protection Technology Co., Ltd.
SINO PROFIT (HONG KONG) LIMITED
Global Domain Name Trading Center Ltd
Guangzhou Yunxun Information Technology Co., Ltd.
AF Proxy Services Ltd
Hangzhou Newdun Network Technology Co., Ltd.
Abbey Road Domains LLC
Aconcagua Domains LLC
Active Market Domains LLC
Adriatic Domains LLC
Aegean Domains LLC
Buzinessware FZCO
Ubilibet S.L.
Zoho Corporation Private Limited
Edomains LLC
Topnets Group Limited
Beget LLC
Alboran Domains LLC
Alpha Beta Domains LLC
Annapurna Domains LLC
Aquila Domains LLC
Australe Domains LLC
Innovadeus Pvt. Ltd.
ShangYu Global Technology Co., Ltd.
Zunyi Brandma Network Technology Ltd.
Wix.com Ltd.
Baidu Europe B.V.
Alibaba Cloud US LLC
Qinghai Yunnet Electronics Technology Co., Ltd
Guangzhou YI YOU Information and Technology Co., Ltd
Cloud Yuqu LLC
Xi'an Qianxi Network Technology Co. Ltd.
İsimtescil Bilişim A.Ş.
Squarespace Domains LLC
Chunghwa Telecom Co., Ltd.
Canada 001 Names Ltd.
Tongle Information Industry Limited
VIP internet Industry Limited
Domain (Shanghai) Network Technology Co., Ltd
Domain Future (Beijing) Technology Co., Ltd.
Gmo-Z.Com Runsystem Joint Stock Company
MarkMonitor Information Technology (Shanghai) Co., Ltd.
Nerd Origins Ltd
Tool Domains Ltd dba Edoms.com
VIAWEB Inc.
Shenzhen Ping An Communication Technology Co., Ltd.
AppCroNix Infotech Private Limited, d/b/a VEBONIX.com
DomainsBot S.R.L.
Beijing Jingkewang Technology Company Ltd.
Shandong Huaimi Network Technology Co., Ltd
Zerolek Pty Ltd
Topvisor Co., Ltd
Yunnan DingHong Technology Co. Ltd.
Xiamen Zhongtuo Internet Technology Co., Ltd.
Grupo Loading Systems S.L.
Access Japan Co, Ltd. dba REGne (www.regne.net)
Hong Kong Juming Network Technology Co., Ltd
RiVidium Inc.
Dynu Systems Incorporated
Aceville Pte. Ltd.
Intellectual Property Management Company, Inc.
WEDOS Internet, a.s.
Purple IT Ltd
Spaceship, Inc.
Domain International Services Limited
Wanyuhulian Technology Limited
Community Advice s.r.o.
Active.Domains Limited Liability Company
Yelles AB
VIP Brand Management Limited
Vantage of Convergence (Chengdu) Technology Co., Ltd.
Registrar of domains names s.r.o.
ODTÜ Geliştirme Vakfi Bilgi Teknolojileri Sanayi Ve Ticaret Anonim Şirketi
17 Domain Limited
Vianames LLC
Shanghai Lianqi Network Technology Co., Ltd.
Virtualia LLC
17 Domain 1, Limited
17 Domain 2, Limited
17 Domain 3, Limited
17 Domain 4, Limited
Cross Marketing Technology Ltd.
Enterprise Guardian Inc.
Domain Science Kutatási Szolgáltató Korlátolt Felelősségű Társaság
Brand Focus Limited
Staclar, Inc.
Discount Domain Name Services Pty Ltd
GrepApps Technology Inc.
Second Genistrar, LLC
Longming Pte. Ltd.
Xinyang 171cloud Co., Ltd.
Hefei Xunyun Network Technology Co., Ltd
Sav.com, LLC - 1
Sav.com, LLC - 2
Sav.com, LLC - 3
Sav.com, LLC - 4
Sav.com, LLC - 5
Sav.com, LLC - 6
Sav.com, LLC - 7
Sav.com, LLC - 8
Sav.com, LLC - 9
Sav.com, LLC - 10
Sav.com, LLC - 11
Sav.com, LLC - 12
Sav.com, LLC - 13
Sav.com, LLC - 14
Sav.com, LLC - 15
Sav.com, LLC - 16
Sav.com, LLC - 17
Sav.com, LLC - 18
Sav.com, LLC - 19
Sav.com, LLC - 20
Sav.com, LLC - 21
Sav.com, LLC - 22
Sav.com, LLC - 23
Sav.com, LLC - 24
Sav.com, LLC - 25
Sav.com, LLC - 26
Sav.com, LLC - 27
Sav.com, LLC - 28
Sav.com, LLC - 29
Sav.com, LLC - 30
Sav.com, LLC - 31
Sav.com, LLC - 32
Sav.com, LLC - 33
Sav.com, LLC - 34
Sav.com, LLC - 35
Sav.com, LLC - 36
Sav.com, LLC - 37
Sav.com, LLC - 38
Sav.com, LLC - 39
Sav.com, LLC - 40
Sav.com, LLC - 41
Sav.com, LLC - 42
Sav.com, LLC - 43
Sav.com, LLC - 44
Sav.com, LLC - 45
Sav.com, LLC - 46
Sav.com, LLC - 47
Sav.com, LLC - 48
Sav.com, LLC - 49
Sav.com, LLC - 50
Gname 001 Inc
Gname 002 Inc
Gname 003 Inc
Gname 004 Inc
Gname 005 Inc
Gname 006 Inc
Gname 007 Inc
Gname 008 Inc
Gname 009 Inc
Gname 010 Inc
Webempresa Europa, S.L.
Instant Domains, Inc.
Zoo Hosting
Whogohost Limited
Hainan Meijieda Technology Limited
Global Domain Group LLC
Sternforth Limited t/a Web World
SecureBackorder EOOD
Salestrar EOOD
Mixun Ltd
WDomain.Com Limited
WDomain.Com1 Limited
WDomain.Com2 Limited
WDomain.Com3 Limited
WDomain.Com4 Limited
WDomain.Com5 Limited
Mixun Network Technology Co., Limited
xTom GmbH
ZeroFox Inc.
Zhengzhou Longming Network Technology Co., Ltd
Costrar EOOD
Hongkong Kouming International Limited
Brandfish.Com Inc
Costdomain.Com Inc
Dropping.Co Inc
Namebeacon.Com Inc
Namesaw.Com Inc
Domains API LLC
Link, For Technology & General Trading Ltd.
Gname 011 Inc
Gname 012 Inc
Gname 013 Inc
Gname 014 Inc
Gname 015 Inc
Gname 016 Inc
Gname 017 Inc
Gname 018 Inc
Gname 019 Inc
Gname 020 Inc
Gname 021 Inc
Gname 022 Inc
Gname 023 Inc
Gname 024 Inc
Gname 025 Inc
Gname 026 Inc
Gname 027 Inc
Gname 028 Inc
Gname 029 Inc
Gname 030 Inc
Gname 031 Inc
Gname 032 Inc
Gname 033 Inc
Gname 034 Inc
Gname 035 Inc
Gname 036 Inc
Gname 037 Inc
Gname 038 Inc
Gname 039 Inc
Gname 040 Inc
Gname 041 Inc
Gname 042 Inc
Gname 043 Inc
Gname 044 Inc
Gname 045 Inc
Gname 046 Inc
Gname 047 Inc
Gname 048 Inc
Gname 049 Inc
Gname 050 Inc
Webslice International Pte. Ltd
HostPro Lab
Bolster Inc.
WDomain Ltd
WDomain 1 Ltd
WDomain 2 Ltd
WDomain 3 Ltd
WDomain 4 Ltd
WDomain 5 Ltd
PT Aksara Data Digital
UK Intis Telecom Ltd
Dynadot1700 LLC
Dynadot3184 LLC
Dynadot3804 LLC
Dynadot5706 LLC
Dynadot9266 LLC
Strange Domains LLC
Europlanet G.P.
PS Internet Company LLP
Domain Global Services Pte. Ltd.
Bhatia Labs Inc
Zname Ltd
Reserved for Registry Operator acting as Registrar where directed by ICANN
Reserved for Pre-Delegation Testing transactions #1 reporting
Reserved for Pre-Delegation Testing transactions #2 reporting
Reserved for ICANN's Registry SLA Monitoring System transactions reporting
Reserved for billable transactions where Registry Operator acts as Registrar
Reserved for non-billable transactions where Registry Operator acts as Registrar
Domain The Net Technologies Ltd.
Internet Assigned Numbers Authority (IANA)
Reserved for Historic use by mTLD Registry Operator acting as Registrar
Reserved for historic use by Registry Operator acting as Registrar